"Step","5l64-mpnn-shortest-path (path) - train/f1","5l64-mpnn-shortest-path (path) - train/f1__MIN","5l64-mpnn-shortest-path (path) - train/f1__MAX","5l64-mpnn-shortest-path (path) - val/f1","5l64-mpnn-shortest-path (path) - val/f1__MIN","5l64-mpnn-shortest-path (path) - val/f1__MAX","5l64-mpnn-shortest-path (er+sbm+path) - train/f1","5l64-mpnn-shortest-path (er+sbm+path) - train/f1__MIN","5l64-mpnn-shortest-path (er+sbm+path) - train/f1__MAX","5l64-mpnn-shortest-path (er+sbm+path) - val/f1","5l64-mpnn-shortest-path (er+sbm+path) - val/f1__MIN","5l64-mpnn-shortest-path (er+sbm+path) - val/f1__MAX"
"2","0.06427337846062917","0.06427337846062917","0.06427337846062917","0.014678387525260789","0.014678387525260789","0.014678387525260789","0.08293603383541036","0.08293603383541036","0.08293603383541036","0.14213213270678537","0.14213213270678537","0.14213213270678537"
"3","0.08662193548456766","0.08662193548456766","0.08662193548456766","0.014678387525260789","0.014678387525260789","0.014678387525260789","0.0914521226198647","0.0914521226198647","0.0914521226198647","0.19965501585964737","0.19965501585964737","0.19965501585964737"
"4","0.10227111145059195","0.10227111145059195","0.10227111145059195","0.025358372636173174","0.025358372636173174","0.025358372636173174","0.10917050534633498","0.10917050534633498","0.10917050534633498","0.2477341194148265","0.2477341194148265","0.2477341194148265"
"5","0.16309500565739934","0.16309500565739934","0.16309500565739934","0.08292005640883697","0.08292005640883697","0.08292005640883697","0.1378543026518597","0.1378543026518597","0.1378543026518597","0.2889744332901689","0.2889744332901689","0.2889744332901689"
"6","0.19127917254188903","0.19127917254188903","0.19127917254188903","0.17801953458140057","0.17801953458140057","0.17801953458140057","0.165752158480489","0.165752158480489","0.165752158480489","0.31378089659552894","0.31378089659552894","0.31378089659552894"
"7","0.21206564454427862","0.21206564454427862","0.21206564454427862","0.2277185207560446","0.2277185207560446","0.2277185207560446","0.17916008956974658","0.17916008956974658","0.17916008956974658","0.34772911139810553","0.34772911139810553","0.34772911139810553"
"8","0.22840290767850274","0.22840290767850274","0.22840290767850274","0.25951834464686835","0.25951834464686835","0.25951834464686835","0.19878138977161428","0.19878138977161428","0.19878138977161428","0.3566696127508808","0.3566696127508808","0.3566696127508808"
"9","0.251565445897523","0.251565445897523","0.251565445897523","0.2602918977236039","0.2602918977236039","0.2602918977236039","0.20379067881797785","0.20379067881797785","0.20379067881797785","0.3740595351060724","0.3740595351060724","0.3740595351060724"
"10","0.27393484693732517","0.27393484693732517","0.27393484693732517","0.26627619866340546","0.26627619866340546","0.26627619866340546","0.2244758254902446","0.2244758254902446","0.2244758254902446","0.346143719735961","0.346143719735961","0.346143719735961"
"11","0.27144439881262594","0.27144439881262594","0.27144439881262594","0.26821907810902823","0.26821907810902823","0.26821907810902823","0.22424949709116312","0.22424949709116312","0.22424949709116312","0.3743709135111599","0.3743709135111599","0.3743709135111599"
"12","0.2784174110069567","0.2784174110069567","0.2784174110069567","0.2594068526355623","0.2594068526355623","0.2594068526355623","0.2319069502079556","0.2319069502079556","0.2319069502079556","0.4032497625398091","0.4032497625398091","0.4032497625398091"
"13","0.2847205298425768","0.2847205298425768","0.2847205298425768","0.26040689678571227","0.26040689678571227","0.26040689678571227","0.2433853615101401","0.2433853615101401","0.2433853615101401","0.4091812750730186","0.4091812750730186","0.4091812750730186"
"14","0.2788103754416918","0.2788103754416918","0.2788103754416918","0.2718142757743778","0.2718142757743778","0.2718142757743778","0.24501062292372935","0.24501062292372935","0.24501062292372935","0.41079758056160126","0.41079758056160126","0.41079758056160126"
"15","0.2812880317836097","0.2812880317836097","0.2812880317836097","0.2725320713971934","0.2725320713971934","0.2725320713971934","0.2704553109322334","0.2704553109322334","0.2704553109322334","0.42020011728441214","0.42020011728441214","0.42020011728441214"
"16","0.2939015668815225","0.2939015668815225","0.2939015668815225","0.27067626652471355","0.27067626652471355","0.27067626652471355","0.2751910309387648","0.2751910309387648","0.2751910309387648","0.4326000303372483","0.4326000303372483","0.4326000303372483"
"17","0.2930177261616973","0.2930177261616973","0.2930177261616973","0.2745848480905998","0.2745848480905998","0.2745848480905998","0.2697498845317579","0.2697498845317579","0.2697498845317579","0.42504912499489816","0.42504912499489816","0.42504912499489816"
"18","0.28786737943671314","0.28786737943671314","0.28786737943671314","0.27504343150354604","0.27504343150354604","0.27504343150354604","0.26819023252054547","0.26819023252054547","0.26819023252054547","0.42013592418912377","0.42013592418912377","0.42013592418912377"
"19","0.29569248746587395","0.29569248746587395","0.29569248746587395","0.27523729835707433","0.27523729835707433","0.27523729835707433","0.2737975679306279","0.2737975679306279","0.2737975679306279","0.4167021082775353","0.4167021082775353","0.4167021082775353"
"20","0.3085630735231347","0.3085630735231347","0.3085630735231347","0.2786431755917468","0.2786431755917468","0.2786431755917468","0.2945742166341956","0.2945742166341956","0.2945742166341956","0.43306377503079335","0.43306377503079335","0.43306377503079335"
"21","0.3103399706831267","0.3103399706831267","0.3103399706831267","0.2787230459939635","0.2787230459939635","0.2787230459939635","0.27336496409213046","0.27336496409213046","0.27336496409213046","0.44097842706135704","0.44097842706135704","0.44097842706135704"
"22","0.32552513504237357","0.32552513504237357","0.32552513504237357","0.28289996408715046","0.28289996408715046","0.28289996408715046","0.2781622035087843","0.2781622035087843","0.2781622035087843","0.4372657675149864","0.4372657675149864","0.4372657675149864"
"23","0.32825562541929076","0.32825562541929076","0.32825562541929076","0.28291538983787035","0.28291538983787035","0.28291538983787035","0.29800444038116036","0.29800444038116036","0.29800444038116036","0.44329696444490585","0.44329696444490585","0.44329696444490585"
"24","0.32959160508972885","0.32959160508972885","0.32959160508972885","0.2840526593801511","0.2840526593801511","0.2840526593801511","0.2943857692760819","0.2943857692760819","0.2943857692760819","0.4070687369547133","0.4070687369547133","0.4070687369547133"
"25","0.35043494457384217","0.35043494457384217","0.35043494457384217","0.2925821643894082","0.2925821643894082","0.2925821643894082","0.29012484113799103","0.29012484113799103","0.29012484113799103","0.4209706332819761","0.4209706332819761","0.4209706332819761"
"26","0.3529206073062039","0.3529206073062039","0.3529206073062039","0.3161561056108555","0.3161561056108555","0.3161561056108555","0.3043563871400337","0.3043563871400337","0.3043563871400337","0.4548112541016731","0.4548112541016731","0.4548112541016731"
"27","0.3778591912969862","0.3778591912969862","0.3778591912969862","0.3064099481860155","0.3064099481860155","0.3064099481860155","0.3003042055512534","0.3003042055512534","0.3003042055512534","0.4543580186498018","0.4543580186498018","0.4543580186498018"
"28","0.3639952819292182","0.3639952819292182","0.3639952819292182","0.34245856118908935","0.34245856118908935","0.34245856118908935","0.3124788700697979","0.3124788700697979","0.3124788700697979","0.43894866263425275","0.43894866263425275","0.43894866263425275"
"29","0.3666507077335113","0.3666507077335113","0.3666507077335113","0.32768677318395467","0.32768677318395467","0.32768677318395467","0.3050876457449142","0.3050876457449142","0.3050876457449142","0.44430106760053684","0.44430106760053684","0.44430106760053684"
"30","0.36825551859650313","0.36825551859650313","0.36825551859650313","0.3468436278959082","0.3468436278959082","0.3468436278959082","0.31211616551062094","0.31211616551062094","0.31211616551062094","0.4644068998422502","0.4644068998422502","0.4644068998422502"
"31","0.38438322905047856","0.38438322905047856","0.38438322905047856","0.35737375585820796","0.35737375585820796","0.35737375585820796","0.32568866063222407","0.32568866063222407","0.32568866063222407","0.4232792434042015","0.4232792434042015","0.4232792434042015"
"32","0.38431912332166673","0.38431912332166673","0.38431912332166673","0.3505695642429848","0.3505695642429848","0.3505695642429848","0.33055783721380644","0.33055783721380644","0.33055783721380644","0.4391106896776222","0.4391106896776222","0.4391106896776222"
"33","0.39041674620603556","0.39041674620603556","0.39041674620603556","0.36232892410340034","0.36232892410340034","0.36232892410340034","0.3089314241773015","0.3089314241773015","0.3089314241773015","0.46651676223965083","0.46651676223965083","0.46651676223965083"
"34","0.386890700682877","0.386890700682877","0.386890700682877","0.3632946980728746","0.3632946980728746","0.3632946980728746","0.32654825148786415","0.32654825148786415","0.32654825148786415","0.47925805103572977","0.47925805103572977","0.47925805103572977"
"35","0.38243478616471743","0.38243478616471743","0.38243478616471743","0.36593864006105736","0.36593864006105736","0.36593864006105736","0.32256051264753977","0.32256051264753977","0.32256051264753977","0.47375813020706","0.47375813020706","0.47375813020706"
"36","0.3846716482477439","0.3846716482477439","0.3846716482477439","0.36382184875409435","0.36382184875409435","0.36382184875409435","0.3237212954000948","0.3237212954000948","0.3237212954000948","0.4641579095831163","0.4641579095831163","0.4641579095831163"
"37","0.3927590792581355","0.3927590792581355","0.3927590792581355","0.3629936300869874","0.3629936300869874","0.3629936300869874","0.3269167143219596","0.3269167143219596","0.3269167143219596","0.483517941534424","0.483517941534424","0.483517941534424"
"38","0.3856694855713665","0.3856694855713665","0.3856694855713665","0.36515040210699046","0.36515040210699046","0.36515040210699046","0.3342256137334986","0.3342256137334986","0.3342256137334986","0.4659396546398041","0.4659396546398041","0.4659396546398041"
"39","0.3801439026648328","0.3801439026648328","0.3801439026648328","0.36651707208557194","0.36651707208557194","0.36651707208557194","0.33895136334432197","0.33895136334432197","0.33895136334432197","0.459441215476675","0.459441215476675","0.459441215476675"
"40","0.3961308250159641","0.3961308250159641","0.3961308250159641","0.364544781054953","0.364544781054953","0.364544781054953","0.33734721486547176","0.33734721486547176","0.33734721486547176","0.46721451453144275","0.46721451453144275","0.46721451453144275"
"41","0.40509050936829033","0.40509050936829033","0.40509050936829033","0.36731549405668706","0.36731549405668706","0.36731549405668706","0.3250527169974011","0.3250527169974011","0.3250527169974011","0.46258559351038325","0.46258559351038325","0.46258559351038325"
"42","0.4008493612155094","0.4008493612155094","0.4008493612155094","0.36781327010319176","0.36781327010319176","0.36781327010319176","0.34049410802470104","0.34049410802470104","0.34049410802470104","0.45919040123777166","0.45919040123777166","0.45919040123777166"
"43","0.3879291938898436","0.3879291938898436","0.3879291938898436","0.36766392600827486","0.36766392600827486","0.36766392600827486","0.33382957894201754","0.33382957894201754","0.33382957894201754","0.4712380316984666","0.4712380316984666","0.4712380316984666"
"44","0.40417845139525","0.40417845139525","0.40417845139525","0.36477798353715923","0.36477798353715923","0.36477798353715923","0.32680494749119093","0.32680494749119093","0.32680494749119093","0.47866225021386927","0.47866225021386927","0.47866225021386927"
"45","0.40853294066389984","0.40853294066389984","0.40853294066389984","0.36736574234700736","0.36736574234700736","0.36736574234700736","0.33753716660026184","0.33753716660026184","0.33753716660026184","0.47795444989173985","0.47795444989173985","0.47795444989173985"
"46","0.3955184998173962","0.3955184998173962","0.3955184998173962","0.36658795019087587","0.36658795019087587","0.36658795019087587","0.34490381330688713","0.34490381330688713","0.34490381330688713","0.4805297932943253","0.4805297932943253","0.4805297932943253"
"47","0.3968739772455393","0.3968739772455393","0.3968739772455393","0.36600161821779886","0.36600161821779886","0.36600161821779886","0.333623703073024","0.333623703073024","0.333623703073024","0.4575203128443048","0.4575203128443048","0.4575203128443048"
"48","0.403020454550156","0.403020454550156","0.403020454550156","0.3672655762522208","0.3672655762522208","0.3672655762522208","0.34011621728931013","0.34011621728931013","0.34011621728931013","0.4865106768970749","0.4865106768970749","0.4865106768970749"
"49","0.39642106285961837","0.39642106285961837","0.39642106285961837","0.36837217027673164","0.36837217027673164","0.36837217027673164","0.33611416002713385","0.33611416002713385","0.33611416002713385","0.4745766862769342","0.4745766862769342","0.4745766862769342"
"50","0.40610144719800473","0.40610144719800473","0.40610144719800473","0.3728907411951262","0.3728907411951262","0.3728907411951262","0.3599158389049863","0.3599158389049863","0.3599158389049863","0.47524380091698354","0.47524380091698354","0.47524380091698354"
"51","0.40670268422836375","0.40670268422836375","0.40670268422836375","0.37627873727279704","0.37627873727279704","0.37627873727279704","0.3510513288466541","0.3510513288466541","0.3510513288466541","0.4717939794444798","0.4717939794444798","0.4717939794444798"
"52","0.3950306973291011","0.3950306973291011","0.3950306973291011","0.3718153682601438","0.3718153682601438","0.3718153682601438","0.3484037557480584","0.3484037557480584","0.3484037557480584","0.47532994198308726","0.47532994198308726","0.47532994198308726"
"53","0.4180520421796272","0.4180520421796272","0.4180520421796272","0.3753546524941503","0.3753546524941503","0.3753546524941503","0.34607433411215993","0.34607433411215993","0.34607433411215993","0.4660203805180818","0.4660203805180818","0.4660203805180818"
"54","0.411429675983526","0.411429675983526","0.411429675983526","0.3749721266007135","0.3749721266007135","0.3749721266007135","0.35821089187447847","0.35821089187447847","0.35821089187447847","0.4795987365603717","0.4795987365603717","0.4795987365603717"
"55","0.41497735632690824","0.41497735632690824","0.41497735632690824","0.3756993461002165","0.3756993461002165","0.3756993461002165","0.35988424542430647","0.35988424542430647","0.35988424542430647","0.4845319148389537","0.4845319148389537","0.4845319148389537"
"56","0.41464026609392923","0.41464026609392923","0.41464026609392923","0.371342368969142","0.371342368969142","0.371342368969142","0.37042917488543176","0.37042917488543176","0.37042917488543176","0.47467192872877906","0.47467192872877906","0.47467192872877906"
"57","0.41456684941993327","0.41456684941993327","0.41456684941993327","0.37565753279163405","0.37565753279163405","0.37565753279163405","0.37172495714375886","0.37172495714375886","0.37172495714375886","0.5003960710458403","0.5003960710458403","0.5003960710458403"
"58","0.4174692028557644","0.4174692028557644","0.4174692028557644","0.3815954128846079","0.3815954128846079","0.3815954128846079","0.37220139651493683","0.37220139651493683","0.37220139651493683","0.4772853957765231","0.4772853957765231","0.4772853957765231"
"59","0.41037025388212034","0.41037025388212034","0.41037025388212034","0.3865165076335707","0.3865165076335707","0.3865165076335707","0.3856890197285601","0.3856890197285601","0.3856890197285601","0.49831209228165435","0.49831209228165435","0.49831209228165435"
"60","0.4188412018181703","0.4188412018181703","0.4188412018181703","0.38584934456193165","0.38584934456193165","0.38584934456193165","0.3796589630356751","0.3796589630356751","0.3796589630356751","0.49598900683439445","0.49598900683439445","0.49598900683439445"
"61","0.46303249332595364","0.46303249332595364","0.46303249332595364","0.39630668704441196","0.39630668704441196","0.39630668704441196","0.3946690831297537","0.3946690831297537","0.3946690831297537","0.4873253598271219","0.4873253598271219","0.4873253598271219"
"62","0.41589674501323914","0.41589674501323914","0.41589674501323914","0.38674654081307647","0.38674654081307647","0.38674654081307647","0.3843250031033958","0.3843250031033958","0.3843250031033958","0.48617912162824933","0.48617912162824933","0.48617912162824933"
"63","0.4258353466803419","0.4258353466803419","0.4258353466803419","0.38498001547790806","0.38498001547790806","0.38498001547790806","0.36142936819092103","0.36142936819092103","0.36142936819092103","0.503167345050133","0.503167345050133","0.503167345050133"
"64","0.45186468124667756","0.45186468124667756","0.45186468124667756","0.3948002071963924","0.3948002071963924","0.3948002071963924","0.39048254122819315","0.39048254122819315","0.39048254122819315","0.48868626015559385","0.48868626015559385","0.48868626015559385"
"65","0.4492829799903666","0.4492829799903666","0.4492829799903666","0.3870072129092248","0.3870072129092248","0.3870072129092248","0.4108312931497451","0.4108312931497451","0.4108312931497451","0.4957530714679126","0.4957530714679126","0.4957530714679126"
"66","0.4307694699406902","0.4307694699406902","0.4307694699406902","0.3859179226030373","0.3859179226030373","0.3859179226030373","0.39046551939221547","0.39046551939221547","0.39046551939221547","0.4944934970227189","0.4944934970227189","0.4944934970227189"
"67","0.44460554125462315","0.44460554125462315","0.44460554125462315","0.3866734341337571","0.3866734341337571","0.3866734341337571","0.39079547179349633","0.39079547179349633","0.39079547179349633","0.49184261164066956","0.49184261164066956","0.49184261164066956"
"68","0.44289627877344595","0.44289627877344595","0.44289627877344595","0.3912885242018718","0.3912885242018718","0.3912885242018718","0.38618580882311776","0.38618580882311776","0.38618580882311776","0.5118518962450996","0.5118518962450996","0.5118518962450996"
"69","0.4613184363184927","0.4613184363184927","0.4613184363184927","0.4160441473643928","0.4160441473643928","0.4160441473643928","0.4115525821197039","0.4115525821197039","0.4115525821197039","0.49182295025049877","0.49182295025049877","0.49182295025049877"
"70","0.4193584631498676","0.4193584631498676","0.4193584631498676","0.4098709155387754","0.4098709155387754","0.4098709155387754","0.4001971359000898","0.4001971359000898","0.4001971359000898","0.511012513445524","0.511012513445524","0.511012513445524"
"71","0.4423764265938238","0.4423764265938238","0.4423764265938238","0.4085743748226217","0.4085743748226217","0.4085743748226217","0.39471770903171816","0.39471770903171816","0.39471770903171816","0.4959000455946058","0.4959000455946058","0.4959000455946058"
"72","0.4489747382453505","0.4489747382453505","0.4489747382453505","0.4100957224268014","0.4100957224268014","0.4100957224268014","0.4184695347114788","0.4184695347114788","0.4184695347114788","0.4878669892267566","0.4878669892267566","0.4878669892267566"
"73","0.4376312263511592","0.4376312263511592","0.4376312263511592","0.41691046119267633","0.41691046119267633","0.41691046119267633","0.3990089545162357","0.3990089545162357","0.3990089545162357","0.504565223754781","0.504565223754781","0.504565223754781"
"74","0.45421010894550484","0.45421010894550484","0.45421010894550484","0.3942245965080733","0.3942245965080733","0.3942245965080733","0.3840426253560106","0.3840426253560106","0.3840426253560106","0.5055579490759422","0.5055579490759422","0.5055579490759422"
"75","0.46290694650758","0.46290694650758","0.46290694650758","0.4138319798847297","0.4138319798847297","0.4138319798847297","0.3990566364612896","0.3990566364612896","0.3990566364612896","0.49595671302505434","0.49595671302505434","0.49595671302505434"
"76","0.45253505977329733","0.45253505977329733","0.45253505977329733","0.4231612267584561","0.4231612267584561","0.4231612267584561","0.400897032852519","0.400897032852519","0.400897032852519","0.49187212532209923","0.49187212532209923","0.49187212532209923"
"77","0.46856965220570734","0.46856965220570734","0.46856965220570734","0.41747935365164923","0.41747935365164923","0.41747935365164923","0.39353036248319917","0.39353036248319917","0.39353036248319917","0.5072620396572197","0.5072620396572197","0.5072620396572197"
"78","0.4687039043454391","0.4687039043454391","0.4687039043454391","0.42051878611868343","0.42051878611868343","0.42051878611868343","0.3915761973500094","0.3915761973500094","0.3915761973500094","0.5037243270748064","0.5037243270748064","0.5037243270748064"
"79","0.4513017851438438","0.4513017851438438","0.4513017851438438","0.4285373513010842","0.4285373513010842","0.4285373513010842","0.3992877278892322","0.3992877278892322","0.3992877278892322","0.496921648898588","0.496921648898588","0.496921648898588"
"80","0.452259190107891","0.452259190107891","0.452259190107891","0.427667490896256","0.427667490896256","0.427667490896256","0.3928575909796171","0.3928575909796171","0.3928575909796171","0.4975551140432965","0.4975551140432965","0.4975551140432965"
"81","0.4713477293437464","0.4713477293437464","0.4713477293437464","0.43011701317351003","0.43011701317351003","0.43011701317351003","0.3835719523398416","0.3835719523398416","0.3835719523398416","0.4977571591299604","0.4977571591299604","0.4977571591299604"
"82","0.46602203001664133","0.46602203001664133","0.46602203001664133","0.4286788150458285","0.4286788150458285","0.4286788150458285","0.42386069294641704","0.42386069294641704","0.42386069294641704","0.5158084838820358","0.5158084838820358","0.5158084838820358"
"83","0.45880183666427066","0.45880183666427066","0.45880183666427066","0.42971794239658245","0.42971794239658245","0.42971794239658245","0.404483841393338","0.404483841393338","0.404483841393338","0.5031318075703525","0.5031318075703525","0.5031318075703525"
"84","0.4683010068048564","0.4683010068048564","0.4683010068048564","0.42219679040286623","0.42219679040286623","0.42219679040286623","0.41088865554489545","0.41088865554489545","0.41088865554489545","0.4891477084589864","0.4891477084589864","0.4891477084589864"
"85","0.47055443784425166","0.47055443784425166","0.47055443784425166","0.4160850091681121","0.4160850091681121","0.4160850091681121","0.40621794038880027","0.40621794038880027","0.40621794038880027","0.5057960210056646","0.5057960210056646","0.5057960210056646"
"86","0.462453438847514","0.462453438847514","0.462453438847514","0.4208717765657377","0.4208717765657377","0.4208717765657377","0.4043876852248059","0.4043876852248059","0.4043876852248059","0.4933517309350039","0.4933517309350039","0.4933517309350039"
"87","0.4704719364813466","0.4704719364813466","0.4704719364813466","0.4209152095713797","0.4209152095713797","0.4209152095713797","0.42489743426232457","0.42489743426232457","0.42489743426232457","0.5066520823850684","0.5066520823850684","0.5066520823850684"
"88","0.470132578771123","0.470132578771123","0.470132578771123","0.43897546011074207","0.43897546011074207","0.43897546011074207","0.3880896760794868","0.3880896760794868","0.3880896760794868","0.5038858313973523","0.5038858313973523","0.5038858313973523"
"89","0.4715065758631335","0.4715065758631335","0.4715065758631335","0.4318669373208917","0.4318669373208917","0.4318669373208917","0.4206099933705511","0.4206099933705511","0.4206099933705511","0.5070996967459802","0.5070996967459802","0.5070996967459802"
"90","0.4832540652824506","0.4832540652824506","0.4832540652824506","0.43081716898017264","0.43081716898017264","0.43081716898017264","0.4138388591026505","0.4138388591026505","0.4138388591026505","0.5015345609756052","0.5015345609756052","0.5015345609756052"
"91","0.4547026921566626","0.4547026921566626","0.4547026921566626","0.43672236645424967","0.43672236645424967","0.43672236645424967","0.43130528094239856","0.43130528094239856","0.43130528094239856","0.5070146714479887","0.5070146714479887","0.5070146714479887"
"92","0.4848271824450754","0.4848271824450754","0.4848271824450754","0.4277601177825593","0.4277601177825593","0.4277601177825593","0.40882033942745366","0.40882033942745366","0.40882033942745366","0.4904075711520675","0.4904075711520675","0.4904075711520675"
"93","0.49123215338075665","0.49123215338075665","0.49123215338075665","0.435212374349928","0.435212374349928","0.435212374349928","0.4271875049224052","0.4271875049224052","0.4271875049224052","0.5034320780437885","0.5034320780437885","0.5034320780437885"
"94","0.4706020772471058","0.4706020772471058","0.4706020772471058","0.4370918979984262","0.4370918979984262","0.4370918979984262","0.3986315971449909","0.3986315971449909","0.3986315971449909","0.49181406592172344","0.49181406592172344","0.49181406592172344"
"95","0.4829147264224637","0.4829147264224637","0.4829147264224637","0.42780452397822966","0.42780452397822966","0.42780452397822966","0.4121683535170824","0.4121683535170824","0.4121683535170824","0.4999193850185953","0.4999193850185953","0.4999193850185953"
"96","0.47755175350522144","0.47755175350522144","0.47755175350522144","0.422754583930861","0.422754583930861","0.422754583930861","0.4043420696960305","0.4043420696960305","0.4043420696960305","0.49363713194544934","0.49363713194544934","0.49363713194544934"
"97","0.4833648956761185","0.4833648956761185","0.4833648956761185","0.4419664501766521","0.4419664501766521","0.4419664501766521","0.423618373524646","0.423618373524646","0.423618373524646","0.5173553635454416","0.5173553635454416","0.5173553635454416"
"98","0.48589226595623103","0.48589226595623103","0.48589226595623103","0.4277193123201687","0.4277193123201687","0.4277193123201687","0.41545766761397074","0.41545766761397074","0.41545766761397074","0.49881295370945145","0.49881295370945145","0.49881295370945145"
"99","0.49687366737276983","0.49687366737276983","0.49687366737276983","0.4359631647172791","0.4359631647172791","0.4359631647172791","0.4281453326005744","0.4281453326005744","0.4281453326005744","0.4950272675998207","0.4950272675998207","0.4950272675998207"
"100","0.4871600310057737","0.4871600310057737","0.4871600310057737","0.4368593224025245","0.4368593224025245","0.4368593224025245","0.4332800719999661","0.4332800719999661","0.4332800719999661","0.5154662203298817","0.5154662203298817","0.5154662203298817"
"101","0.49816202424613154","0.49816202424613154","0.49816202424613154","0.43946993120260924","0.43946993120260924","0.43946993120260924","0.4236023545348806","0.4236023545348806","0.4236023545348806","0.5240407267686987","0.5240407267686987","0.5240407267686987"
"102","0.48143785650304305","0.48143785650304305","0.48143785650304305","0.4448994448075373","0.4448994448075373","0.4448994448075373","0.42355198237142283","0.42355198237142283","0.42355198237142283","0.49701623719725285","0.49701623719725285","0.49701623719725285"
"103","0.5038889180463553","0.5038889180463553","0.5038889180463553","0.4485553947375752","0.4485553947375752","0.4485553947375752","0.43514766299539237","0.43514766299539237","0.43514766299539237","0.5088558621848062","0.5088558621848062","0.5088558621848062"
"104","0.49346120177008024","0.49346120177008024","0.49346120177008024","0.43874232440475236","0.43874232440475236","0.43874232440475236","0.4109812337401264","0.4109812337401264","0.4109812337401264","0.5088341751424581","0.5088341751424581","0.5088341751424581"
"105","0.4824193188513579","0.4824193188513579","0.4824193188513579","0.4448497370573439","0.4448497370573439","0.4448497370573439","0.40240028986976356","0.40240028986976356","0.40240028986976356","0.5085145528609806","0.5085145528609806","0.5085145528609806"
"106","0.4783756321638343","0.4783756321638343","0.4783756321638343","0.44761682026384597","0.44761682026384597","0.44761682026384597","0.42223484768036085","0.42223484768036085","0.42223484768036085","0.5041564842631183","0.5041564842631183","0.5041564842631183"
"107","0.47626681402419296","0.47626681402419296","0.47626681402419296","0.44973262004994474","0.44973262004994474","0.44973262004994474","0.41784179036323454","0.41784179036323454","0.41784179036323454","0.4993001312608343","0.4993001312608343","0.4993001312608343"
"108","0.48572023329045955","0.48572023329045955","0.48572023329045955","0.39232028393925783","0.39232028393925783","0.39232028393925783","0.4222150329206707","0.4222150329206707","0.4222150329206707","0.5096423577727999","0.5096423577727999","0.5096423577727999"
"109","0.49086275780838595","0.49086275780838595","0.49086275780838595","0.4389840274172283","0.4389840274172283","0.4389840274172283","0.4033633480698815","0.4033633480698815","0.4033633480698815","0.5059924648182664","0.5059924648182664","0.5059924648182664"
"110","0.4876122457876523","0.4876122457876523","0.4876122457876523","0.44825355038481596","0.44825355038481596","0.44825355038481596","0.410803914707444","0.410803914707444","0.410803914707444","0.5046782608532926","0.5046782608532926","0.5046782608532926"
"111","0.5111840954268707","0.5111840954268707","0.5111840954268707","0.4479708161882202","0.4479708161882202","0.4479708161882202","0.4322773493150101","0.4322773493150101","0.4322773493150101","0.507597619962078","0.507597619962078","0.507597619962078"
"112","0.4927692433745963","0.4927692433745963","0.4927692433745963","0.44345421836459153","0.44345421836459153","0.44345421836459153","0.4491765440367082","0.4491765440367082","0.4491765440367082","0.5168595968337236","0.5168595968337236","0.5168595968337236"
"113","0.5007298686098166","0.5007298686098166","0.5007298686098166","0.45087104637028574","0.45087104637028574","0.45087104637028574","0.4240287578728024","0.4240287578728024","0.4240287578728024","0.5005219303842238","0.5005219303842238","0.5005219303842238"
"114","0.505808986911493","0.505808986911493","0.505808986911493","0.45647938059990484","0.45647938059990484","0.45647938059990484","0.41376903928508946","0.41376903928508946","0.41376903928508946","0.5051625739874026","0.5051625739874026","0.5051625739874026"
"115","0.5052150361926226","0.5052150361926226","0.5052150361926226","0.4577744539299029","0.4577744539299029","0.4577744539299029","0.4406723510711479","0.4406723510711479","0.4406723510711479","0.5062427713756034","0.5062427713756034","0.5062427713756034"
"116","0.4958855543807158","0.4958855543807158","0.4958855543807158","0.4521055390933222","0.4521055390933222","0.4521055390933222","0.4277132021157432","0.4277132021157432","0.4277132021157432","0.4999065950311424","0.4999065950311424","0.4999065950311424"
"117","0.5005056526726006","0.5005056526726006","0.5005056526726006","0.4513024231748275","0.4513024231748275","0.4513024231748275","0.42113976043791274","0.42113976043791274","0.42113976043791274","0.5042006799214568","0.5042006799214568","0.5042006799214568"
"118","0.48226991738811514","0.48226991738811514","0.48226991738811514","0.4501204689732522","0.4501204689732522","0.4501204689732522","0.40347190764932606","0.40347190764932606","0.40347190764932606","0.5142591580783017","0.5142591580783017","0.5142591580783017"
"119","0.500310491753997","0.500310491753997","0.500310491753997","0.4547026466973104","0.4547026466973104","0.4547026466973104","0.42069876566237285","0.42069876566237285","0.42069876566237285","0.5198865877399375","0.5198865877399375","0.5198865877399375"
"120","0.49758130736497264","0.49758130736497264","0.49758130736497264","0.44898980481712225","0.44898980481712225","0.44898980481712225","0.43949157871871297","0.43949157871871297","0.43949157871871297","0.5136372009916469","0.5136372009916469","0.5136372009916469"
"121","0.4900860340729245","0.4900860340729245","0.4900860340729245","0.4488942374984153","0.4488942374984153","0.4488942374984153","0.4197786631819264","0.4197786631819264","0.4197786631819264","0.5081561994604074","0.5081561994604074","0.5081561994604074"
"122","0.5104170824193621","0.5104170824193621","0.5104170824193621","0.44924053538921205","0.44924053538921205","0.44924053538921205","0.44729175836005935","0.44729175836005935","0.44729175836005935","0.5122055554711326","0.5122055554711326","0.5122055554711326"
"123","0.5063867109365046","0.5063867109365046","0.5063867109365046","0.4438371749405329","0.4438371749405329","0.4438371749405329","0.42311224361346306","0.42311224361346306","0.42311224361346306","0.5054300049382054","0.5054300049382054","0.5054300049382054"
"124","0.48344143241503984","0.48344143241503984","0.48344143241503984","0.4532030328253043","0.4532030328253043","0.4532030328253043","0.4322835471658127","0.4322835471658127","0.4322835471658127","0.5134382594277899","0.5134382594277899","0.5134382594277899"
"125","0.5086327643486472","0.5086327643486472","0.5086327643486472","0.44552696254304813","0.44552696254304813","0.44552696254304813","0.4145269950541082","0.4145269950541082","0.4145269950541082","0.5090381291146123","0.5090381291146123","0.5090381291146123"
"126","0.5247699332508978","0.5247699332508978","0.5247699332508978","0.43793183178487494","0.43793183178487494","0.43793183178487494","0.44036098682713315","0.44036098682713315","0.44036098682713315","0.5069819377690004","0.5069819377690004","0.5069819377690004"
"127","0.5004358089326557","0.5004358089326557","0.5004358089326557","0.44584974765648144","0.44584974765648144","0.44584974765648144","0.42287345433409174","0.42287345433409174","0.42287345433409174","0.5037939532216906","0.5037939532216906","0.5037939532216906"
"128","0.5200787120169368","0.5200787120169368","0.5200787120169368","0.4567090499301385","0.4567090499301385","0.4567090499301385","0.4526137441785665","0.4526137441785665","0.4526137441785665","0.5081788009236174","0.5081788009236174","0.5081788009236174"
"129","0.5159298139363351","0.5159298139363351","0.5159298139363351","0.459192370722073","0.459192370722073","0.459192370722073","0.4258361195239779","0.4258361195239779","0.4258361195239779","0.5208155559367319","0.5208155559367319","0.5208155559367319"
"130","0.5114615425472768","0.5114615425472768","0.5114615425472768","0.45823813396635305","0.45823813396635305","0.45823813396635305","0.4290063274544453","0.4290063274544453","0.4290063274544453","0.518873963552696","0.518873963552696","0.518873963552696"
"131","0.5042600104995445","0.5042600104995445","0.5042600104995445","0.4610475840684979","0.4610475840684979","0.4610475840684979","0.44220776857058847","0.44220776857058847","0.44220776857058847","0.5254305909583071","0.5254305909583071","0.5254305909583071"
"132","0.5284827621221262","0.5284827621221262","0.5284827621221262","0.45851673088653616","0.45851673088653616","0.45851673088653616","0.43591911197714844","0.43591911197714844","0.43591911197714844","0.5117979839398491","0.5117979839398491","0.5117979839398491"
"133","0.5092016917223189","0.5092016917223189","0.5092016917223189","0.45023365884312894","0.45023365884312894","0.45023365884312894","0.4329880636412033","0.4329880636412033","0.4329880636412033","0.5109216773750561","0.5109216773750561","0.5109216773750561"
"134","0.5233808784751837","0.5233808784751837","0.5233808784751837","0.4563977959369919","0.4563977959369919","0.4563977959369919","0.451539137949779","0.451539137949779","0.451539137949779","0.5152279324916773","0.5152279324916773","0.5152279324916773"
"135","0.5374160781166915","0.5374160781166915","0.5374160781166915","0.4711541403943283","0.4711541403943283","0.4711541403943283","0.434629378431082","0.434629378431082","0.434629378431082","0.5236379183659235","0.5236379183659235","0.5236379183659235"
"136","0.5205933906718405","0.5205933906718405","0.5205933906718405","0.46515907884171814","0.46515907884171814","0.46515907884171814","0.41987407905241797","0.41987407905241797","0.41987407905241797","0.5055484114672701","0.5055484114672701","0.5055484114672701"
"137","0.5040190046788193","0.5040190046788193","0.5040190046788193","0.4665812947866702","0.4665812947866702","0.4665812947866702","0.4441839718938639","0.4441839718938639","0.4441839718938639","0.5222845136757879","0.5222845136757879","0.5222845136757879"
"138","0.5252445913581103","0.5252445913581103","0.5252445913581103","0.45300421572586014","0.45300421572586014","0.45300421572586014","0.41282299575776804","0.41282299575776804","0.41282299575776804","0.5168922820791787","0.5168922820791787","0.5168922820791787"
"139","0.5203119413484928","0.5203119413484928","0.5203119413484928","0.46289754839323183","0.46289754839323183","0.46289754839323183","0.45517790489377435","0.45517790489377435","0.45517790489377435","0.5150504318194046","0.5150504318194046","0.5150504318194046"
"140","0.5020292484701977","0.5020292484701977","0.5020292484701977","0.46907032403476867","0.46907032403476867","0.46907032403476867","0.42036703734657915","0.42036703734657915","0.42036703734657915","0.5168286177811529","0.5168286177811529","0.5168286177811529"
"141","0.5155235508830738","0.5155235508830738","0.5155235508830738","0.4664475512016882","0.4664475512016882","0.4664475512016882","0.4456162560220207","0.4456162560220207","0.4456162560220207","0.5149582223362418","0.5149582223362418","0.5149582223362418"
"142","0.528711336831984","0.528711336831984","0.528711336831984","0.46378747707549295","0.46378747707549295","0.46378747707549295","0.44438643495472446","0.44438643495472446","0.44438643495472446","0.5181938047579018","0.5181938047579018","0.5181938047579018"
"143","0.517558247649732","0.517558247649732","0.517558247649732","0.45898222292127633","0.45898222292127633","0.45898222292127633","0.4390021993725779","0.4390021993725779","0.4390021993725779","0.5117187129138837","0.5117187129138837","0.5117187129138837"
"144","0.5312449371838939","0.5312449371838939","0.5312449371838939","0.458586735889639","0.458586735889639","0.458586735889639","0.4433264449963626","0.4433264449963626","0.4433264449963626","0.5223790431047656","0.5223790431047656","0.5223790431047656"
"145","0.5255534899954544","0.5255534899954544","0.5255534899954544","0.4609603200435138","0.4609603200435138","0.4609603200435138","0.4505712813605592","0.4505712813605592","0.4505712813605592","0.5110178290568079","0.5110178290568079","0.5110178290568079"
"146","0.5124638722758301","0.5124638722758301","0.5124638722758301","0.4658570207799978","0.4658570207799978","0.4658570207799978","0.4337188528924408","0.4337188528924408","0.4337188528924408","0.5183713482000359","0.5183713482000359","0.5183713482000359"
"147","0.5192771999968362","0.5192771999968362","0.5192771999968362","0.47396608065389745","0.47396608065389745","0.47396608065389745","0.43233760587501563","0.43233760587501563","0.43233760587501563","0.5041083033857824","0.5041083033857824","0.5041083033857824"
"148","0.5255862286814137","0.5255862286814137","0.5255862286814137","0.4663994578030974","0.4663994578030974","0.4663994578030974","0.4120863697848807","0.4120863697848807","0.4120863697848807","0.502259792938147","0.502259792938147","0.502259792938147"
"149","0.5152268701866867","0.5152268701866867","0.5152268701866867","0.46753426405310694","0.46753426405310694","0.46753426405310694","0.4407524941439391","0.4407524941439391","0.4407524941439391","0.5084762860601896","0.5084762860601896","0.5084762860601896"
"150","0.5271796579815367","0.5271796579815367","0.5271796579815367","0.4628586576010507","0.4628586576010507","0.4628586576010507","0.45487068857143503","0.45487068857143503","0.45487068857143503","0.5048896944204739","0.5048896944204739","0.5048896944204739"
"151","0.5294353866702017","0.5294353866702017","0.5294353866702017","0.46214109892756383","0.46214109892756383","0.46214109892756383","0.45798205704500106","0.45798205704500106","0.45798205704500106","0.5264324278480185","0.5264324278480185","0.5264324278480185"
"152","0.5417524420642641","0.5417524420642641","0.5417524420642641","0.472256436008396","0.472256436008396","0.472256436008396","0.4526061605247764","0.4526061605247764","0.4526061605247764","0.5171306238396661","0.5171306238396661","0.5171306238396661"
"153","0.5324091401008065","0.5324091401008065","0.5324091401008065","0.46122280304161795","0.46122280304161795","0.46122280304161795","0.45915065120039467","0.45915065120039467","0.45915065120039467","0.524135003734475","0.524135003734475","0.524135003734475"
"154","0.5242812779815558","0.5242812779815558","0.5242812779815558","0.46611610199443865","0.46611610199443865","0.46611610199443865","0.4513921446937861","0.4513921446937861","0.4513921446937861","0.5343531988324005","0.5343531988324005","0.5343531988324005"
"155","0.5340850301859575","0.5340850301859575","0.5340850301859575","0.4533775720385273","0.4533775720385273","0.4533775720385273","0.4299624943302116","0.4299624943302116","0.4299624943302116","0.5130337549226479","0.5130337549226479","0.5130337549226479"
"156","0.5196997675899067","0.5196997675899067","0.5196997675899067","0.47636780120936256","0.47636780120936256","0.47636780120936256","0.4581039793928528","0.4581039793928528","0.4581039793928528","0.5064360091927543","0.5064360091927543","0.5064360091927543"
"157","0.5398286102388092","0.5398286102388092","0.5398286102388092","0.4686432518825167","0.4686432518825167","0.4686432518825167","0.45320961115061925","0.45320961115061925","0.45320961115061925","0.5235620779355389","0.5235620779355389","0.5235620779355389"
"158","0.5317535018791228","0.5317535018791228","0.5317535018791228","0.461583068716789","0.461583068716789","0.461583068716789","0.4486966526035792","0.4486966526035792","0.4486966526035792","0.5150691714493095","0.5150691714493095","0.5150691714493095"
"159","0.5139305752576804","0.5139305752576804","0.5139305752576804","0.46432615570150526","0.46432615570150526","0.46432615570150526","0.471853067086305","0.471853067086305","0.471853067086305","0.5074792380126918","0.5074792380126918","0.5074792380126918"
"160","0.5407837590865939","0.5407837590865939","0.5407837590865939","0.4678804110530016","0.4678804110530016","0.4678804110530016","0.43596931348461626","0.43596931348461626","0.43596931348461626","0.5250655093320438","0.5250655093320438","0.5250655093320438"
"161","0.5336550820114283","0.5336550820114283","0.5336550820114283","0.4676491695720397","0.4676491695720397","0.4676491695720397","0.4524305066396687","0.4524305066396687","0.4524305066396687","0.5324632434709368","0.5324632434709368","0.5324632434709368"
"162","0.5305028329503572","0.5305028329503572","0.5305028329503572","0.47354708930042955","0.47354708930042955","0.47354708930042955","0.46052863608425804","0.46052863608425804","0.46052863608425804","0.5207566836958554","0.5207566836958554","0.5207566836958554"
"163","0.5513404149923257","0.5513404149923257","0.5513404149923257","0.464923046753783","0.464923046753783","0.464923046753783","0.4753219268767503","0.4753219268767503","0.4753219268767503","0.5247673730151304","0.5247673730151304","0.5247673730151304"
"164","0.5229477152679494","0.5229477152679494","0.5229477152679494","0.4636550043826805","0.4636550043826805","0.4636550043826805","0.45116887490282215","0.45116887490282215","0.45116887490282215","0.5196418646468706","0.5196418646468706","0.5196418646468706"
"165","0.5449643957849668","0.5449643957849668","0.5449643957849668","0.4629520510637984","0.4629520510637984","0.4629520510637984","0.45533195326190706","0.45533195326190706","0.45533195326190706","0.5162613327089288","0.5162613327089288","0.5162613327089288"
"166","0.5332928611260347","0.5332928611260347","0.5332928611260347","0.47275662040057254","0.47275662040057254","0.47275662040057254","0.4685912645105052","0.4685912645105052","0.4685912645105052","0.5151598422727475","0.5151598422727475","0.5151598422727475"
"167","0.5436840867825615","0.5436840867825615","0.5436840867825615","0.46659695507813914","0.46659695507813914","0.46659695507813914","0.45600586488791195","0.45600586488791195","0.45600586488791195","0.5127772661333608","0.5127772661333608","0.5127772661333608"
"168","0.5233559467650059","0.5233559467650059","0.5233559467650059","0.4587798360228116","0.4587798360228116","0.4587798360228116","0.4593813715298621","0.4593813715298621","0.4593813715298621","0.5053870609837364","0.5053870609837364","0.5053870609837364"
"169","0.5145403165377097","0.5145403165377097","0.5145403165377097","0.46296394723407275","0.46296394723407275","0.46296394723407275","0.45096044372768684","0.45096044372768684","0.45096044372768684","0.5171823764079874","0.5171823764079874","0.5171823764079874"
"170","0.5505568568584949","0.5505568568584949","0.5505568568584949","0.46504339735814765","0.46504339735814765","0.46504339735814765","0.46235225339266584","0.46235225339266584","0.46235225339266584","0.5110318206983443","0.5110318206983443","0.5110318206983443"
"171","0.5171898803404462","0.5171898803404462","0.5171898803404462","0.46682357773159733","0.46682357773159733","0.46682357773159733","0.43022183327818314","0.43022183327818314","0.43022183327818314","0.5238396075886373","0.5238396075886373","0.5238396075886373"
"172","0.5362819632380724","0.5362819632380724","0.5362819632380724","0.47129340980711376","0.47129340980711376","0.47129340980711376","0.4944164191758684","0.4944164191758684","0.4944164191758684","0.5164749008436544","0.5164749008436544","0.5164749008436544"
"173","0.5197877675996867","0.5197877675996867","0.5197877675996867","0.46692930907063424","0.46692930907063424","0.46692930907063424","0.44067208067943486","0.44067208067943486","0.44067208067943486","0.5185421799333559","0.5185421799333559","0.5185421799333559"
"174","0.5453584361312365","0.5453584361312365","0.5453584361312365","0.4597100690803001","0.4597100690803001","0.4597100690803001","0.4703802874504525","0.4703802874504525","0.4703802874504525","0.5031466575259754","0.5031466575259754","0.5031466575259754"
"175","0.5236602391106131","0.5236602391106131","0.5236602391106131","0.4666790499855247","0.4666790499855247","0.4666790499855247","0.4657478803178152","0.4657478803178152","0.4657478803178152","0.5172509405862029","0.5172509405862029","0.5172509405862029"
"176","0.5485233894657016","0.5485233894657016","0.5485233894657016","0.4683055260965643","0.4683055260965643","0.4683055260965643","0.47228155749903045","0.47228155749903045","0.47228155749903045","0.5196106672864067","0.5196106672864067","0.5196106672864067"
"177","0.5417622919526475","0.5417622919526475","0.5417622919526475","0.47122331661557715","0.47122331661557715","0.47122331661557715","0.48318770489988144","0.48318770489988144","0.48318770489988144","0.527503650419434","0.527503650419434","0.527503650419434"
"178","0.5395931279807965","0.5395931279807965","0.5395931279807965","0.4668241110503384","0.4668241110503384","0.4668241110503384","0.45468162202416423","0.45468162202416423","0.45468162202416423","0.5194637918094966","0.5194637918094966","0.5194637918094966"
"179","0.5238024677686886","0.5238024677686886","0.5238024677686886","0.4707580535519086","0.4707580535519086","0.4707580535519086","0.45999853715461564","0.45999853715461564","0.45999853715461564","0.5081129208642273","0.5081129208642273","0.5081129208642273"
"180","0.5430977958488886","0.5430977958488886","0.5430977958488886","0.4739571058605157","0.4739571058605157","0.4739571058605157","0.4680886308257102","0.4680886308257102","0.4680886308257102","0.5066151491143277","0.5066151491143277","0.5066151491143277"
"181","0.5545021890559648","0.5545021890559648","0.5545021890559648","0.46879044558617056","0.46879044558617056","0.46879044558617056","0.4474500840454499","0.4474500840454499","0.4474500840454499","0.5210126582306942","0.5210126582306942","0.5210126582306942"
"182","0.5530993375354383","0.5530993375354383","0.5530993375354383","0.4641650991156187","0.4641650991156187","0.4641650991156187","0.4674086855459507","0.4674086855459507","0.4674086855459507","0.5173415965543496","0.5173415965543496","0.5173415965543496"
"183","0.5424745662004966","0.5424745662004966","0.5424745662004966","0.4691985267049593","0.4691985267049593","0.4691985267049593","0.482906805114734","0.482906805114734","0.482906805114734","0.5254180180626618","0.5254180180626618","0.5254180180626618"
"184","0.532699569977354","0.532699569977354","0.532699569977354","0.4612614046243748","0.4612614046243748","0.4612614046243748","0.4455073420661028","0.4455073420661028","0.4455073420661028","0.5246482484855667","0.5246482484855667","0.5246482484855667"
"185","0.5209488621057962","0.5209488621057962","0.5209488621057962","0.4697678669497095","0.4697678669497095","0.4697678669497095","0.4661276939945918","0.4661276939945918","0.4661276939945918","0.5215499332576795","0.5215499332576795","0.5215499332576795"
"186","0.5816543998463786","0.5816543998463786","0.5816543998463786","0.46524029691078295","0.46524029691078295","0.46524029691078295","0.4765290313661327","0.4765290313661327","0.4765290313661327","0.5421573564455517","0.5421573564455517","0.5421573564455517"
"187","0.5530067483907082","0.5530067483907082","0.5530067483907082","0.45548527227674346","0.45548527227674346","0.45548527227674346","0.49960850111277844","0.49960850111277844","0.49960850111277844","0.5151238647000755","0.5151238647000755","0.5151238647000755"
"188","0.5483693592533451","0.5483693592533451","0.5483693592533451","0.4660739578411458","0.4660739578411458","0.4660739578411458","0.4608979087567908","0.4608979087567908","0.4608979087567908","0.5372048407576472","0.5372048407576472","0.5372048407576472"
"189","0.5796312207113087","0.5796312207113087","0.5796312207113087","0.4889174365210689","0.4889174365210689","0.4889174365210689","0.4644144578518517","0.4644144578518517","0.4644144578518517","0.5372255648792389","0.5372255648792389","0.5372255648792389"
"190","0.5652394612281493","0.5652394612281493","0.5652394612281493","0.4682897875987355","0.4682897875987355","0.4682897875987355","0.4510756970843299","0.4510756970843299","0.4510756970843299","0.5252468960355529","0.5252468960355529","0.5252468960355529"
"191","0.558687097875076","0.558687097875076","0.558687097875076","0.4646509571325241","0.4646509571325241","0.4646509571325241","0.463883282233091","0.463883282233091","0.463883282233091","0.5185179507959691","0.5185179507959691","0.5185179507959691"
"192","0.5669625611532239","0.5669625611532239","0.5669625611532239","0.4810050674332209","0.4810050674332209","0.4810050674332209","0.4806070767679021","0.4806070767679021","0.4806070767679021","0.5125172066427753","0.5125172066427753","0.5125172066427753"
"193","0.5471909719624364","0.5471909719624364","0.5471909719624364","0.47808004318882447","0.47808004318882447","0.47808004318882447","0.4450443648877767","0.4450443648877767","0.4450443648877767","0.5301780674377276","0.5301780674377276","0.5301780674377276"
"194","0.5502029676299385","0.5502029676299385","0.5502029676299385","0.4734141753005231","0.4734141753005231","0.4734141753005231","0.4695963445906583","0.4695963445906583","0.4695963445906583","0.5263124762804545","0.5263124762804545","0.5263124762804545"
"195","0.5296465122932661","0.5296465122932661","0.5296465122932661","0.46941353225467186","0.46941353225467186","0.46941353225467186","0.46032223734553995","0.46032223734553995","0.46032223734553995","0.5291511662944423","0.5291511662944423","0.5291511662944423"
"196","0.5748028108991731","0.5748028108991731","0.5748028108991731","0.4767335244819074","0.4767335244819074","0.4767335244819074","0.48762590352904384","0.48762590352904384","0.48762590352904384","0.5047065611297883","0.5047065611297883","0.5047065611297883"
"197","0.5996743189950703","0.5996743189950703","0.5996743189950703","0.47101412169167156","0.47101412169167156","0.47101412169167156","0.4635435182860645","0.4635435182860645","0.4635435182860645","0.5248154193575877","0.5248154193575877","0.5248154193575877"
"198","0.5675942100658049","0.5675942100658049","0.5675942100658049","0.4671817742811623","0.4671817742811623","0.4671817742811623","0.4669962767308027","0.4669962767308027","0.4669962767308027","0.5130453860661683","0.5130453860661683","0.5130453860661683"
"199","0.5479109901805547","0.5479109901805547","0.5479109901805547","0.4647727418710415","0.4647727418710415","0.4647727418710415","0.48199534047069353","0.48199534047069353","0.48199534047069353","0.5203965104385013","0.5203965104385013","0.5203965104385013"
"200","0.5463261295152613","0.5463261295152613","0.5463261295152613","0.4651213449039347","0.4651213449039347","0.4651213449039347","0.4600867728897015","0.4600867728897015","0.4600867728897015","0.52234428216887","0.52234428216887","0.52234428216887"
"201","0.5745661228819108","0.5745661228819108","0.5745661228819108","0.46970259366525546","0.46970259366525546","0.46970259366525546","0.47828456570071093","0.47828456570071093","0.47828456570071093","0.51926032273632","0.51926032273632","0.51926032273632"
"202","0.5672157583606242","0.5672157583606242","0.5672157583606242","0.4817831504076816","0.4817831504076816","0.4817831504076816","0.4700246840501549","0.4700246840501549","0.4700246840501549","0.5303579286932041","0.5303579286932041","0.5303579286932041"
"203","0.598746265529227","0.598746265529227","0.598746265529227","0.4672535655325777","0.4672535655325777","0.4672535655325777","0.4756685201319941","0.4756685201319941","0.4756685201319941","0.5242779405305669","0.5242779405305669","0.5242779405305669"
"204","0.540431389438651","0.540431389438651","0.540431389438651","0.4642571207283387","0.4642571207283387","0.4642571207283387","0.4953284827917574","0.4953284827917574","0.4953284827917574","0.5179223923507991","0.5179223923507991","0.5179223923507991"
"205","0.5433395086373335","0.5433395086373335","0.5433395086373335","0.46336892313718797","0.46336892313718797","0.46336892313718797","0.4806401649363022","0.4806401649363022","0.4806401649363022","0.5210694712003653","0.5210694712003653","0.5210694712003653"
"206","0.5869298354243537","0.5869298354243537","0.5869298354243537","0.47208073027782105","0.47208073027782105","0.47208073027782105","0.4629415775402359","0.4629415775402359","0.4629415775402359","0.5257898535669882","0.5257898535669882","0.5257898535669882"
"207","0.5508702776763439","0.5508702776763439","0.5508702776763439","0.4771496430477443","0.4771496430477443","0.4771496430477443","0.48023894245791005","0.48023894245791005","0.48023894245791005","0.5253667816416391","0.5253667816416391","0.5253667816416391"
"208","0.5546255273790943","0.5546255273790943","0.5546255273790943","0.46363229143290285","0.46363229143290285","0.46363229143290285","0.49260924870127343","0.49260924870127343","0.49260924870127343","0.5107569541665282","0.5107569541665282","0.5107569541665282"
"209","0.5487847618049918","0.5487847618049918","0.5487847618049918","0.46638954928585774","0.46638954928585774","0.46638954928585774","0.4935055749336375","0.4935055749336375","0.4935055749336375","0.5317180998554024","0.5317180998554024","0.5317180998554024"
"210","0.5921972258622341","0.5921972258622341","0.5921972258622341","0.4792301673444179","0.4792301673444179","0.4792301673444179","0.4534698791050695","0.4534698791050695","0.4534698791050695","0.5383325968745934","0.5383325968745934","0.5383325968745934"
"211","0.5700417938840393","0.5700417938840393","0.5700417938840393","0.46504279361707423","0.46504279361707423","0.46504279361707423","0.4800985586799167","0.4800985586799167","0.4800985586799167","0.5362747842588055","0.5362747842588055","0.5362747842588055"
"212","0.5558943109331909","0.5558943109331909","0.5558943109331909","0.4630120623863854","0.4630120623863854","0.4630120623863854","0.46013854123860193","0.46013854123860193","0.46013854123860193","0.5236243109245312","0.5236243109245312","0.5236243109245312"
"213","0.5631872677524318","0.5631872677524318","0.5631872677524318","0.47618794500226247","0.47618794500226247","0.47618794500226247","0.4821656133722028","0.4821656133722028","0.4821656133722028","0.5241091809103008","0.5241091809103008","0.5241091809103008"
"214","0.5679519175165875","0.5679519175165875","0.5679519175165875","0.4789422263288555","0.4789422263288555","0.4789422263288555","0.48139036433490917","0.48139036433490917","0.48139036433490917","0.5306709244225422","0.5306709244225422","0.5306709244225422"
"215","0.5698317445054149","0.5698317445054149","0.5698317445054149","0.48093432182452167","0.48093432182452167","0.48093432182452167","0.4722231537930573","0.4722231537930573","0.4722231537930573","0.534007001344237","0.534007001344237","0.534007001344237"
"216","0.5428672337942637","0.5428672337942637","0.5428672337942637","0.47197888925382636","0.47197888925382636","0.47197888925382636","0.5102180260698579","0.5102180260698579","0.5102180260698579","0.5243078173110232","0.5243078173110232","0.5243078173110232"
"217","0.5698340020785885","0.5698340020785885","0.5698340020785885","0.47921039379169234","0.47921039379169234","0.47921039379169234","0.4615700253727928","0.4615700253727928","0.4615700253727928","0.5331048049513633","0.5331048049513633","0.5331048049513633"
"218","0.57203626130982","0.57203626130982","0.57203626130982","0.4698647264382125","0.4698647264382125","0.4698647264382125","0.5028807136232628","0.5028807136232628","0.5028807136232628","0.5213038916514574","0.5213038916514574","0.5213038916514574"
"219","0.5581076204319027","0.5581076204319027","0.5581076204319027","0.46552887292088496","0.46552887292088496","0.46552887292088496","0.4731121278429605","0.4731121278429605","0.4731121278429605","0.5181166800530475","0.5181166800530475","0.5181166800530475"
"220","0.56170852807032","0.56170852807032","0.56170852807032","0.4698441763947082","0.4698441763947082","0.4698441763947082","0.48654697702100264","0.48654697702100264","0.48654697702100264","0.5232541176524226","0.5232541176524226","0.5232541176524226"
"221","0.5577637649836481","0.5577637649836481","0.5577637649836481","0.4654507667719685","0.4654507667719685","0.4654507667719685","0.48177553388145516","0.48177553388145516","0.48177553388145516","0.5300845014848691","0.5300845014848691","0.5300845014848691"
"222","0.5558524426490337","0.5558524426490337","0.5558524426490337","0.4643540412289802","0.4643540412289802","0.4643540412289802","0.47411413065421676","0.47411413065421676","0.47411413065421676","0.5267786965706901","0.5267786965706901","0.5267786965706901"
"223","0.557705438315232","0.557705438315232","0.557705438315232","0.4830174790254659","0.4830174790254659","0.4830174790254659","0.465092270793459","0.465092270793459","0.465092270793459","0.5089370517436625","0.5089370517436625","0.5089370517436625"
"224","0.5808395508995792","0.5808395508995792","0.5808395508995792","0.4712600684305198","0.4712600684305198","0.4712600684305198","0.4948162783172268","0.4948162783172268","0.4948162783172268","0.5150922107025248","0.5150922107025248","0.5150922107025248"
"225","0.5659264366674863","0.5659264366674863","0.5659264366674863","0.47804866078894503","0.47804866078894503","0.47804866078894503","0.46805220055608615","0.46805220055608615","0.46805220055608615","0.5150572642761685","0.5150572642761685","0.5150572642761685"
"226","0.5603529824647586","0.5603529824647586","0.5603529824647586","0.480051469318855","0.480051469318855","0.480051469318855","0.46531365773575056","0.46531365773575056","0.46531365773575056","0.5435384696918582","0.5435384696918582","0.5435384696918582"
"227","0.5675119894659841","0.5675119894659841","0.5675119894659841","0.4714468264166941","0.4714468264166941","0.4714468264166941","0.47830361636209245","0.47830361636209245","0.47830361636209245","0.5262024861603595","0.5262024861603595","0.5262024861603595"
"228","0.5843730815823193","0.5843730815823193","0.5843730815823193","0.48329533461732005","0.48329533461732005","0.48329533461732005","0.4812039348525144","0.4812039348525144","0.4812039348525144","0.5324404912915789","0.5324404912915789","0.5324404912915789"
"229","0.5427796045042044","0.5427796045042044","0.5427796045042044","0.46967918234216555","0.46967918234216555","0.46967918234216555","0.4642256391181739","0.4642256391181739","0.4642256391181739","0.5199614040716","0.5199614040716","0.5199614040716"
"230","0.5628126308308791","0.5628126308308791","0.5628126308308791","0.47422598083344697","0.47422598083344697","0.47422598083344697","0.49459268480637264","0.49459268480637264","0.49459268480637264","0.5525200872783036","0.5525200872783036","0.5525200872783036"
"231","0.5675111766392941","0.5675111766392941","0.5675111766392941","0.46279874968653206","0.46279874968653206","0.46279874968653206","0.5031780526513808","0.5031780526513808","0.5031780526513808","0.5384342179049901","0.5384342179049901","0.5384342179049901"
"232","0.5445620030221227","0.5445620030221227","0.5445620030221227","0.45762887981836153","0.45762887981836153","0.45762887981836153","0.48291197748209475","0.48291197748209475","0.48291197748209475","0.5185191519359652","0.5185191519359652","0.5185191519359652"
"233","0.5516906711356712","0.5516906711356712","0.5516906711356712","0.47041823667317084","0.47041823667317084","0.47041823667317084","0.487180433741967","0.487180433741967","0.487180433741967","0.5229275989977232","0.5229275989977232","0.5229275989977232"
"234","0.5672774346555147","0.5672774346555147","0.5672774346555147","0.47003723507457607","0.47003723507457607","0.47003723507457607","0.49694644524295734","0.49694644524295734","0.49694644524295734","0.5200761570077185","0.5200761570077185","0.5200761570077185"
"235","0.5665286235622067","0.5665286235622067","0.5665286235622067","0.48606111568565846","0.48606111568565846","0.48606111568565846","0.47883771978245343","0.47883771978245343","0.47883771978245343","0.528462815899014","0.528462815899014","0.528462815899014"
"236","0.580154528073121","0.580154528073121","0.580154528073121","0.48246009557616415","0.48246009557616415","0.48246009557616415","0.47135709462963266","0.47135709462963266","0.47135709462963266","0.5420083446114989","0.5420083446114989","0.5420083446114989"
"237","0.5863175413736234","0.5863175413736234","0.5863175413736234","0.4792965048193208","0.4792965048193208","0.4792965048193208","0.4885012516680683","0.4885012516680683","0.4885012516680683","0.5198843152476473","0.5198843152476473","0.5198843152476473"
"238","0.5744666294428891","0.5744666294428891","0.5744666294428891","0.4761870797182687","0.4761870797182687","0.4761870797182687","0.4876352847805803","0.4876352847805803","0.4876352847805803","0.5203848632645788","0.5203848632645788","0.5203848632645788"
"239","0.5796767896976354","0.5796767896976354","0.5796767896976354","0.4754858787046796","0.4754858787046796","0.4754858787046796","0.49022639425925024","0.49022639425925024","0.49022639425925024","0.5329244518404187","0.5329244518404187","0.5329244518404187"
"240","0.5769303269360553","0.5769303269360553","0.5769303269360553","0.47289940862793767","0.47289940862793767","0.47289940862793767","0.4801866238820343","0.4801866238820343","0.4801866238820343","0.5312578149149354","0.5312578149149354","0.5312578149149354"
"241","0.5536921338019232","0.5536921338019232","0.5536921338019232","0.47093293104258366","0.47093293104258366","0.47093293104258366","0.4882469231200495","0.4882469231200495","0.4882469231200495","0.5317410038847723","0.5317410038847723","0.5317410038847723"
"242","0.5782445643806703","0.5782445643806703","0.5782445643806703","0.4842658217696215","0.4842658217696215","0.4842658217696215","0.5048908026364193","0.5048908026364193","0.5048908026364193","0.5378340331746982","0.5378340331746982","0.5378340331746982"
"243","0.5534923775202195","0.5534923775202195","0.5534923775202195","0.48295573936620295","0.48295573936620295","0.48295573936620295","0.4733863897100376","0.4733863897100376","0.4733863897100376","0.5192335590007526","0.5192335590007526","0.5192335590007526"
"244","0.5710386741948883","0.5710386741948883","0.5710386741948883","0.47937456338292894","0.47937456338292894","0.47937456338292894","0.487483695882924","0.487483695882924","0.487483695882924","0.5403747635421495","0.5403747635421495","0.5403747635421495"
"245","0.5800797931689545","0.5800797931689545","0.5800797931689545","0.46728905415801936","0.46728905415801936","0.46728905415801936","0.472216467130332","0.472216467130332","0.472216467130332","0.5478547483852769","0.5478547483852769","0.5478547483852769"
"246","0.583161146969625","0.583161146969625","0.583161146969625","0.4721224330337671","0.4721224330337671","0.4721224330337671","0.5019158272809873","0.5019158272809873","0.5019158272809873","0.5203741398040252","0.5203741398040252","0.5203741398040252"
"247","0.5722342941882432","0.5722342941882432","0.5722342941882432","0.48173432963811597","0.48173432963811597","0.48173432963811597","0.49411573188641933","0.49411573188641933","0.49411573188641933","0.5141061020746706","0.5141061020746706","0.5141061020746706"
"248","0.5820181609066337","0.5820181609066337","0.5820181609066337","0.48380737306857335","0.48380737306857335","0.48380737306857335","0.484461167417558","0.484461167417558","0.484461167417558","0.5504670872426868","0.5504670872426868","0.5504670872426868"
"249","0.5742673458431096","0.5742673458431096","0.5742673458431096","0.4787238678667304","0.4787238678667304","0.4787238678667304","0.505073596796886","0.505073596796886","0.505073596796886","0.539476752424756","0.539476752424756","0.539476752424756"
"250","0.5442762647144836","0.5442762647144836","0.5442762647144836","0.468989027074706","0.468989027074706","0.468989027074706","0.5177875841403686","0.5177875841403686","0.5177875841403686","0.5420974283752061","0.5420974283752061","0.5420974283752061"
"251","0.5735574930826526","0.5735574930826526","0.5735574930826526","0.4942432179750422","0.4942432179750422","0.4942432179750422","0.5080956884443499","0.5080956884443499","0.5080956884443499","0.5278470270930722","0.5278470270930722","0.5278470270930722"
"252","0.5980560162406328","0.5980560162406328","0.5980560162406328","0.48425938712186045","0.48425938712186045","0.48425938712186045","0.5287793674396594","0.5287793674396594","0.5287793674396594","0.5320656493332826","0.5320656493332826","0.5320656493332826"
"253","0.5684759287564889","0.5684759287564889","0.5684759287564889","0.4677480873771951","0.4677480873771951","0.4677480873771951","0.4836784924618831","0.4836784924618831","0.4836784924618831","0.5460160506086282","0.5460160506086282","0.5460160506086282"
"254","0.5744678611334778","0.5744678611334778","0.5744678611334778","0.49106362237875534","0.49106362237875534","0.49106362237875534","0.4954839919984437","0.4954839919984437","0.4954839919984437","0.5275503003398214","0.5275503003398214","0.5275503003398214"
"255","0.5669973625813306","0.5669973625813306","0.5669973625813306","0.47983656106368755","0.47983656106368755","0.47983656106368755","0.507511262528974","0.507511262528974","0.507511262528974","0.5378086378239019","0.5378086378239019","0.5378086378239019"
"256","0.5750652900993884","0.5750652900993884","0.5750652900993884","0.4669795596420615","0.4669795596420615","0.4669795596420615","0.5036064327644046","0.5036064327644046","0.5036064327644046","0.5309510022358576","0.5309510022358576","0.5309510022358576"
"257","0.5799543957054462","0.5799543957054462","0.5799543957054462","0.46949678504094056","0.46949678504094056","0.46949678504094056","0.4809894550431561","0.4809894550431561","0.4809894550431561","0.5412805130843849","0.5412805130843849","0.5412805130843849"
"258","0.5681908029652796","0.5681908029652796","0.5681908029652796","0.48680872647384826","0.48680872647384826","0.48680872647384826","0.48802830406307995","0.48802830406307995","0.48802830406307995","0.5573190781683662","0.5573190781683662","0.5573190781683662"
"259","0.5848843718297478","0.5848843718297478","0.5848843718297478","0.4903350721532577","0.4903350721532577","0.4903350721532577","0.49063398063802693","0.49063398063802693","0.49063398063802693","0.5460435725344154","0.5460435725344154","0.5460435725344154"
"260","0.6024616868610398","0.6024616868610398","0.6024616868610398","0.5164826536268231","0.5164826536268231","0.5164826536268231","0.5061009968165555","0.5061009968165555","0.5061009968165555","0.5295024407409804","0.5295024407409804","0.5295024407409804"
"261","0.5663946740379295","0.5663946740379295","0.5663946740379295","0.4750508823116532","0.4750508823116532","0.4750508823116532","0.48588710046622047","0.48588710046622047","0.48588710046622047","0.5369602029497329","0.5369602029497329","0.5369602029497329"
"262","0.5881064528668127","0.5881064528668127","0.5881064528668127","0.4789607398422289","0.4789607398422289","0.4789607398422289","0.4810028574161432","0.4810028574161432","0.4810028574161432","0.5443501717042564","0.5443501717042564","0.5443501717042564"
"263","0.588215109214405","0.588215109214405","0.588215109214405","0.48927461272181133","0.48927461272181133","0.48927461272181133","0.4939886880775932","0.4939886880775932","0.4939886880775932","0.5164782326370586","0.5164782326370586","0.5164782326370586"
"264","0.5925152746285828","0.5925152746285828","0.5925152746285828","0.4790787976173465","0.4790787976173465","0.4790787976173465","0.51512187594051","0.51512187594051","0.51512187594051","0.5367557310747427","0.5367557310747427","0.5367557310747427"
"265","0.5698288022743041","0.5698288022743041","0.5698288022743041","0.4776915094510382","0.4776915094510382","0.4776915094510382","0.4858371182355968","0.4858371182355968","0.4858371182355968","0.5373814502079465","0.5373814502079465","0.5373814502079465"
"266","0.5838721857913984","0.5838721857913984","0.5838721857913984","0.4770597918247753","0.4770597918247753","0.4770597918247753","0.4719752333996379","0.4719752333996379","0.4719752333996379","0.5317476140502931","0.5317476140502931","0.5317476140502931"
"267","0.5940033309894663","0.5940033309894663","0.5940033309894663","0.4816284914038972","0.4816284914038972","0.4816284914038972","0.4972499272778666","0.4972499272778666","0.4972499272778666","0.5275852568965321","0.5275852568965321","0.5275852568965321"
"268","0.5862749940941681","0.5862749940941681","0.5862749940941681","0.47975800266509677","0.47975800266509677","0.47975800266509677","0.5216141870869201","0.5216141870869201","0.5216141870869201","0.5471892149055048","0.5471892149055048","0.5471892149055048"
"269","0.585095396108033","0.585095396108033","0.585095396108033","0.49153969895382293","0.49153969895382293","0.49153969895382293","0.527744062769271","0.527744062769271","0.527744062769271","0.539878680772775","0.539878680772775","0.539878680772775"
"270","0.5806022070547903","0.5806022070547903","0.5806022070547903","0.4829987650772797","0.4829987650772797","0.4829987650772797","0.4803043252534196","0.4803043252534196","0.4803043252534196","0.5168216256159058","0.5168216256159058","0.5168216256159058"
"271","0.5851933206957505","0.5851933206957505","0.5851933206957505","0.4859034106677672","0.4859034106677672","0.4859034106677672","0.48558437117511205","0.48558437117511205","0.48558437117511205","0.5297174046171945","0.5297174046171945","0.5297174046171945"
"272","0.588954901443726","0.588954901443726","0.588954901443726","0.5016572911576808","0.5016572911576808","0.5016572911576808","0.4718896425953483","0.4718896425953483","0.4718896425953483","0.5305489719629689","0.5305489719629689","0.5305489719629689"
"273","0.6203246701775883","0.6203246701775883","0.6203246701775883","0.49471773134782987","0.49471773134782987","0.49471773134782987","0.4867156517015718","0.4867156517015718","0.4867156517015718","0.5243880804270414","0.5243880804270414","0.5243880804270414"
"274","0.5831813690166435","0.5831813690166435","0.5831813690166435","0.4762390221466929","0.4762390221466929","0.4762390221466929","0.48479516700262076","0.48479516700262076","0.48479516700262076","0.5345694514363418","0.5345694514363418","0.5345694514363418"
"275","0.6042566011932751","0.6042566011932751","0.6042566011932751","0.48297387595646296","0.48297387595646296","0.48297387595646296","0.5013561837737633","0.5013561837737633","0.5013561837737633","0.5470579387376796","0.5470579387376796","0.5470579387376796"
"276","0.6061807803311996","0.6061807803311996","0.6061807803311996","0.4599380749098849","0.4599380749098849","0.4599380749098849","0.5247423739892879","0.5247423739892879","0.5247423739892879","0.5320915390819918","0.5320915390819918","0.5320915390819918"
"277","0.5766823588317673","0.5766823588317673","0.5766823588317673","0.48873873913108035","0.48873873913108035","0.48873873913108035","0.509304471962369","0.509304471962369","0.509304471962369","0.542831255353816","0.542831255353816","0.542831255353816"
"278","0.5788065006470745","0.5788065006470745","0.5788065006470745","0.4833678225650842","0.4833678225650842","0.4833678225650842","0.4940946770313623","0.4940946770313623","0.4940946770313623","0.5222489470688157","0.5222489470688157","0.5222489470688157"
"279","0.5938080550342115","0.5938080550342115","0.5938080550342115","0.48035778769837606","0.48035778769837606","0.48035778769837606","0.4825275680360243","0.4825275680360243","0.4825275680360243","0.539085376014214","0.539085376014214","0.539085376014214"
"280","0.578361577622915","0.578361577622915","0.578361577622915","0.4789848854144842","0.4789848854144842","0.4789848854144842","0.4837402100770833","0.4837402100770833","0.4837402100770833","0.5370892033186713","0.5370892033186713","0.5370892033186713"
"281","0.5696184218058551","0.5696184218058551","0.5696184218058551","0.48462529039736724","0.48462529039736724","0.48462529039736724","0.4927521697078687","0.4927521697078687","0.4927521697078687","0.5492387907849917","0.5492387907849917","0.5492387907849917"
"282","0.5943668134905937","0.5943668134905937","0.5943668134905937","0.48381392613944885","0.48381392613944885","0.48381392613944885","0.5122926309955392","0.5122926309955392","0.5122926309955392","0.52152760739148","0.52152760739148","0.52152760739148"
"283","0.5766541344804244","0.5766541344804244","0.5766541344804244","0.49125750597387297","0.49125750597387297","0.49125750597387297","0.5035849347836537","0.5035849347836537","0.5035849347836537","0.517527408944401","0.517527408944401","0.517527408944401"
"284","0.5857549130300432","0.5857549130300432","0.5857549130300432","0.4943918714304868","0.4943918714304868","0.4943918714304868","0.5042503583406553","0.5042503583406553","0.5042503583406553","0.5394013095599947","0.5394013095599947","0.5394013095599947"
"285","0.5847488255072473","0.5847488255072473","0.5847488255072473","0.4819137558796999","0.4819137558796999","0.4819137558796999","0.5130142837213306","0.5130142837213306","0.5130142837213306","0.5545364473935728","0.5545364473935728","0.5545364473935728"
"286","0.5918070404708515","0.5918070404708515","0.5918070404708515","0.49702680610708605","0.49702680610708605","0.49702680610708605","0.519503988297177","0.519503988297177","0.519503988297177","0.540759041697543","0.540759041697543","0.540759041697543"
"287","0.5699952025860636","0.5699952025860636","0.5699952025860636","0.4891859041684304","0.4891859041684304","0.4891859041684304","0.5048474232181003","0.5048474232181003","0.5048474232181003","0.53864764047106","0.53864764047106","0.53864764047106"
"288","0.6125621169545858","0.6125621169545858","0.6125621169545858","0.5055009722423605","0.5055009722423605","0.5055009722423605","0.520060495230707","0.520060495230707","0.520060495230707","0.5502143000464736","0.5502143000464736","0.5502143000464736"
"289","0.568094355420075","0.568094355420075","0.568094355420075","0.48002363044475316","0.48002363044475316","0.48002363044475316","0.4969669795421848","0.4969669795421848","0.4969669795421848","0.5435377042511585","0.5435377042511585","0.5435377042511585"
"290","0.5491894207107063","0.5491894207107063","0.5491894207107063","0.4951513342258806","0.4951513342258806","0.4951513342258806","0.49545270061360275","0.49545270061360275","0.49545270061360275","0.5418910696227298","0.5418910696227298","0.5418910696227298"
"291","0.5813824546974904","0.5813824546974904","0.5813824546974904","0.4950061426024046","0.4950061426024046","0.4950061426024046","0.5338337219073267","0.5338337219073267","0.5338337219073267","0.5426347065572226","0.5426347065572226","0.5426347065572226"
"292","0.5836934625410644","0.5836934625410644","0.5836934625410644","0.47860629881255756","0.47860629881255756","0.47860629881255756","0.526936337916123","0.526936337916123","0.526936337916123","0.5255977771774202","0.5255977771774202","0.5255977771774202"
"293","0.6047737955185416","0.6047737955185416","0.6047737955185416","0.4928009565984034","0.4928009565984034","0.4928009565984034","0.4958021169359405","0.4958021169359405","0.4958021169359405","0.5509917743676463","0.5509917743676463","0.5509917743676463"
"294","0.5796448698884303","0.5796448698884303","0.5796448698884303","0.5058824004500927","0.5058824004500927","0.5058824004500927","0.49188573528850554","0.49188573528850554","0.49188573528850554","0.5106598964469155","0.5106598964469155","0.5106598964469155"
"295","0.5968392928817503","0.5968392928817503","0.5968392928817503","0.48856410646254195","0.48856410646254195","0.48856410646254195","0.4897604084575478","0.4897604084575478","0.4897604084575478","0.5404205395126986","0.5404205395126986","0.5404205395126986"
"296","0.5823602478547716","0.5823602478547716","0.5823602478547716","0.4926556804586073","0.4926556804586073","0.4926556804586073","0.49838267178859974","0.49838267178859974","0.49838267178859974","0.564002475862389","0.564002475862389","0.564002475862389"
"297","0.5838166717482575","0.5838166717482575","0.5838166717482575","0.5096940054515938","0.5096940054515938","0.5096940054515938","0.5217256133962328","0.5217256133962328","0.5217256133962328","0.5258477133206775","0.5258477133206775","0.5258477133206775"
"298","0.5918064664241287","0.5918064664241287","0.5918064664241287","0.487713291777508","0.487713291777508","0.487713291777508","0.5212820016011785","0.5212820016011785","0.5212820016011785","0.5319858047907678","0.5319858047907678","0.5319858047907678"
"299","0.5697173443796457","0.5697173443796457","0.5697173443796457","0.4978482506757087","0.4978482506757087","0.4978482506757087","0.5036320116609737","0.5036320116609737","0.5036320116609737","0.5402388750518182","0.5402388750518182","0.5402388750518182"
"300","0.6132766123759158","0.6132766123759158","0.6132766123759158","0.5038038141037584","0.5038038141037584","0.5038038141037584","0.5052494027506557","0.5052494027506557","0.5052494027506557","0.5603255885184834","0.5603255885184834","0.5603255885184834"
"301","0.5872768936601128","0.5872768936601128","0.5872768936601128","0.49013609984708173","0.49013609984708173","0.49013609984708173","0.5364875528377541","0.5364875528377541","0.5364875528377541","0.5593663678882712","0.5593663678882712","0.5593663678882712"