"Step","5l64-mpnn-shortest-path (path) - train/acc","5l64-mpnn-shortest-path (path) - train/acc__MIN","5l64-mpnn-shortest-path (path) - train/acc__MAX","5l64-mpnn-shortest-path (path) - val/acc","5l64-mpnn-shortest-path (path) - val/acc__MIN","5l64-mpnn-shortest-path (path) - val/acc__MAX","5l64-mpnn-shortest-path (er+sbm+path) - train/acc","5l64-mpnn-shortest-path (er+sbm+path) - train/acc__MIN","5l64-mpnn-shortest-path (er+sbm+path) - train/acc__MAX","5l64-mpnn-shortest-path (er+sbm+path) - val/acc","5l64-mpnn-shortest-path (er+sbm+path) - val/acc__MIN","5l64-mpnn-shortest-path (er+sbm+path) - val/acc__MAX"
"2","0.1915564903846154","0.1915564903846154","0.1915564903846154","0.12935697115384615","0.12935697115384615","0.12935697115384615","0.2648389862804878","0.2648389862804878","0.2648389862804878","0.278896233974359","0.278896233974359","0.278896233974359"
"3","0.26795372596153844","0.26795372596153844","0.26795372596153844","0.12935697115384615","0.12935697115384615","0.12935697115384615","0.3634717987804878","0.3634717987804878","0.3634717987804878","0.4437099358974359","0.4437099358974359","0.4437099358974359"
"4","0.2937199519230769","0.2937199519230769","0.2937199519230769","0.14295372596153846","0.14295372596153846","0.14295372596153846","0.4409457571138211","0.4409457571138211","0.4409457571138211","0.5103916266025641","0.5103916266025641","0.5103916266025641"
"5","0.38829627403846156","0.38829627403846156","0.38829627403846156","0.2801231971153846","0.2801231971153846","0.2801231971153846","0.5099482342479674","0.5099482342479674","0.5099482342479674","0.5588691907051282","0.5588691907051282","0.5588691907051282"
"6","0.4528245192307692","0.4528245192307692","0.4528245192307692","0.44966947115384615","0.44966947115384615","0.44966947115384615","0.5583714430894309","0.5583714430894309","0.5583714430894309","0.5874899839743589","0.5874899839743589","0.5874899839743589"
"7","0.4948167067307692","0.4948167067307692","0.4948167067307692","0.5359825721153846","0.5359825721153846","0.5359825721153846","0.5894944105691057","0.5894944105691057","0.5894944105691057","0.6288311298076923","0.6288311298076923","0.6288311298076923"
"8","0.5262920673076923","0.5262920673076923","0.5262920673076923","0.5645282451923077","0.5645282451923077","0.5645282451923077","0.6124872967479674","0.6124872967479674","0.6124872967479674","0.6424779647435898","0.6424779647435898","0.6424779647435898"
"9","0.5476262019230769","0.5476262019230769","0.5476262019230769","0.5645282451923077","0.5645282451923077","0.5645282451923077","0.6273739202235772","0.6273739202235772","0.6273739202235772","0.6620092147435898","0.6620092147435898","0.6620092147435898"
"10","0.5713641826923077","0.5713641826923077","0.5713641826923077","0.5603215144230769","0.5603215144230769","0.5603215144230769","0.6482469512195123","0.6482469512195123","0.6482469512195123","0.6217197516025641","0.6217197516025641","0.6217197516025641"
"11","0.5857872596153846","0.5857872596153846","0.5857872596153846","0.5681340144230769","0.5681340144230769","0.5681340144230769","0.6568375254065041","0.6568375254065041","0.6568375254065041","0.660381610576923","0.660381610576923","0.660381610576923"
"12","0.5857872596153846","0.5857872596153846","0.5857872596153846","0.5645282451923077","0.5645282451923077","0.5645282451923077","0.6610295985772358","0.6610295985772358","0.6610295985772358","0.6916065705128206","0.6916065705128206","0.6916065705128206"
"13","0.5901442307692308","0.5901442307692308","0.5901442307692308","0.5679086538461539","0.5679086538461539","0.5679086538461539","0.6773056402439025","0.6773056402439025","0.6773056402439025","0.6996945112179488","0.6996945112179488","0.6996945112179488"
"14","0.5905949519230769","0.5905949519230769","0.5905949519230769","0.5700871394230769","0.5700871394230769","0.5700871394230769","0.6799892022357724","0.6799892022357724","0.6799892022357724","0.7120643028846154","0.7120643028846154","0.7120643028846154"
"15","0.5905198317307692","0.5905198317307692","0.5905198317307692","0.5700871394230769","0.5700871394230769","0.5700871394230769","0.6921922637195123","0.6921922637195123","0.6921922637195123","0.7085086137820512","0.7085086137820512","0.7085086137820512"
"16","0.5935997596153846","0.5935997596153846","0.5935997596153846","0.5700871394230769","0.5700871394230769","0.5700871394230769","0.710619918699187","0.710619918699187","0.710619918699187","0.7169471153846154","0.7169471153846154","0.7169471153846154"
"17","0.5954777644230769","0.5954777644230769","0.5954777644230769","0.5710637019230769","0.5710637019230769","0.5710637019230769","0.7068407012195123","0.7068407012195123","0.7068407012195123","0.7169471153846154","0.7169471153846154","0.7169471153846154"
"18","0.5939002403846154","0.5939002403846154","0.5939002403846154","0.5710637019230769","0.5710637019230769","0.5710637019230769","0.7050940040650406","0.7050940040650406","0.7050940040650406","0.7130408653846154","0.7130408653846154","0.7130408653846154"
"19","0.5955528846153846","0.5955528846153846","0.5955528846153846","0.5710637019230769","0.5710637019230769","0.5710637019230769","0.6981310340447154","0.6981310340447154","0.6981310340447154","0.705303485576923","0.705303485576923","0.705303485576923"
"20","0.6023137019230769","0.6023137019230769","0.6023137019230769","0.5730168269230769","0.5730168269230769","0.5730168269230769","0.7280789507113821","0.7280789507113821","0.7280789507113821","0.7182992788461539","0.7182992788461539","0.7182992788461539"
"21","0.6059194711538461","0.6059194711538461","0.6059194711538461","0.5730168269230769","0.5730168269230769","0.5730168269230769","0.7063166920731708","0.7063166920731708","0.7063166920731708","0.7261117788461539","0.7261117788461539","0.7261117788461539"
"22","0.6096754807692308","0.6096754807692308","0.6096754807692308","0.5759465144230769","0.5759465144230769","0.5759465144230769","0.7240536077235772","0.7240536077235772","0.7240536077235772","0.7153695913461539","0.7153695913461539","0.7153695913461539"
"23","0.6159104567307692","0.6159104567307692","0.6159104567307692","0.5759465144230769","0.5759465144230769","0.5759465144230769","0.7316993775406505","0.7316993775406505","0.7316993775406505","0.7254607371794872","0.7254607371794872","0.7254607371794872"
"24","0.6237229567307692","0.6237229567307692","0.6237229567307692","0.5769230769230769","0.5769230769230769","0.5769230769230769","0.7297462525406505","0.7297462525406505","0.7297462525406505","0.6948367387820512","0.6948367387820512","0.6948367387820512"
"25","0.6428786057692308","0.6428786057692308","0.6428786057692308","0.5857121394230769","0.5857121394230769","0.5857121394230769","0.7272691183943089","0.7272691183943089","0.7272691183943089","0.7222055288461539","0.7222055288461539","0.7222055288461539"
"26","0.6536959134615384","0.6536959134615384","0.6536959134615384","0.6151592548076923","0.6151592548076923","0.6151592548076923","0.7279201600609756","0.7279201600609756","0.7279201600609756","0.7313201121794872","0.7313201121794872","0.7313201121794872"
"27","0.6756310096153846","0.6756310096153846","0.6756310096153846","0.6010366586538461","0.6010366586538461","0.6010366586538461","0.7341050558943089","0.7341050558943089","0.7341050558943089","0.7433643830128206","0.7433643830128206","0.7433643830128206"
"28","0.6721754807692308","0.6721754807692308","0.6721754807692308","0.6629356971153846","0.6629356971153846","0.6629356971153846","0.7408536585365854","0.7408536585365854","0.7408536585365854","0.729717548076923","0.729717548076923","0.729717548076923"
"29","0.673828125","0.673828125","0.673828125","0.6351412259615384","0.6351412259615384","0.6351412259615384","0.7406154725609756","0.7406154725609756","0.7406154725609756","0.7212540064102564","0.7212540064102564","0.7212540064102564"
"30","0.6805138221153846","0.6805138221153846","0.6805138221153846","0.6678185096153846","0.6678185096153846","0.6678185096153846","0.7408219004065041","0.7408219004065041","0.7408219004065041","0.7504757612179488","0.7504757612179488","0.7504757612179488"
"31","0.6948617788461539","0.6948617788461539","0.6948617788461539","0.6746544471153846","0.6746544471153846","0.6746544471153846","0.7498888465447154","0.7498888465447154","0.7498888465447154","0.7260867387820512","0.7260867387820512","0.7260867387820512"
"32","0.6870492788461539","0.6870492788461539","0.6870492788461539","0.6707481971153846","0.6707481971153846","0.6707481971153846","0.7546446265243901","0.7546446265243901","0.7546446265243901","0.7231820913461539","0.7231820913461539","0.7231820913461539"
"33","0.6913311298076923","0.6913311298076923","0.6913311298076923","0.6766075721153846","0.6766075721153846","0.6766075721153846","0.7508257113821138","0.7508257113821138","0.7508257113821138","0.7479216746794872","0.7479216746794872","0.7479216746794872"
"34","0.6931340144230769","0.6931340144230769","0.6931340144230769","0.6754056490384616","0.6754056490384616","0.6754056490384616","0.7523262830284553","0.7523262830284553","0.7523262830284553","0.7505008012820512","0.7505008012820512","0.7505008012820512"
"35","0.7006460336538461","0.7006460336538461","0.7006460336538461","0.6793118990384616","0.6793118990384616","0.6793118990384616","0.7565580538617885","0.7565580538617885","0.7565580538617885","0.7583383413461539","0.7583383413461539","0.7583383413461539"
"36","0.7001201923076923","0.7001201923076923","0.7001201923076923","0.6744290865384616","0.6744290865384616","0.6744290865384616","0.7580268673780487","0.7580268673780487","0.7580268673780487","0.758964342948718","0.758964342948718","0.758964342948718"
"37","0.6988431490384616","0.6988431490384616","0.6988431490384616","0.6754056490384616","0.6754056490384616","0.6754056490384616","0.7620125127032521","0.7620125127032521","0.7620125127032521","0.7609425080128206","0.7609425080128206","0.7609425080128206"
"38","0.6988431490384616","0.6988431490384616","0.6988431490384616","0.6754056490384616","0.6754056490384616","0.6754056490384616","0.7646166793699187","0.7646166793699187","0.7646166793699187","0.762870592948718","0.762870592948718","0.762870592948718"
"39","0.7023737980769231","0.7023737980769231","0.7023737980769231","0.6705228365384616","0.6705228365384616","0.6705228365384616","0.7675860645325203","0.7675860645325203","0.7675860645325203","0.7596404246794872","0.7596404246794872","0.7596404246794872"
"40","0.7003455528846154","0.7003455528846154","0.7003455528846154","0.6724759615384616","0.6724759615384616","0.6724759615384616","0.7601864202235772","0.7601864202235772","0.7601864202235772","0.7553836137820512","0.7553836137820512","0.7553836137820512"
"41","0.7035757211538461","0.7035757211538461","0.7035757211538461","0.6724759615384616","0.6724759615384616","0.6724759615384616","0.7592892530487805","0.7592892530487805","0.7592892530487805","0.7612429887820512","0.7612429887820512","0.7612429887820512"
"42","0.7049278846153846","0.7049278846153846","0.7049278846153846","0.6773587740384616","0.6773587740384616","0.6773587740384616","0.7701505335365854","0.7701505335365854","0.7701505335365854","0.7550831330128206","0.7550831330128206","0.7550831330128206"
"43","0.7019230769230769","0.7019230769230769","0.7019230769230769","0.6783353365384616","0.6783353365384616","0.6783353365384616","0.7693803988821138","0.7693803988821138","0.7693803988821138","0.756034655448718","0.756034655448718","0.756034655448718"
"44","0.7025240384615384","0.7025240384615384","0.7025240384615384","0.6744290865384616","0.6744290865384616","0.6744290865384616","0.7688087525406505","0.7688087525406505","0.7688087525406505","0.7710336538461539","0.7710336538461539","0.7710336538461539"
"45","0.7025240384615384","0.7025240384615384","0.7025240384615384","0.6734525240384616","0.6734525240384616","0.6734525240384616","0.766283981199187","0.766283981199187","0.766283981199187","0.7664513221153846","0.7664513221153846","0.7664513221153846"
"46","0.7015474759615384","0.7015474759615384","0.7015474759615384","0.6763822115384616","0.6763822115384616","0.6763822115384616","0.7739773882113821","0.7739773882113821","0.7739773882113821","0.770683092948718","0.770683092948718","0.770683092948718"
"47","0.6988431490384616","0.6988431490384616","0.6988431490384616","0.6734525240384616","0.6734525240384616","0.6734525240384616","0.761083587398374","0.761083587398374","0.761083587398374","0.7557341746794872","0.7557341746794872","0.7557341746794872"
"48","0.6999699519230769","0.6999699519230769","0.6999699519230769","0.6744290865384616","0.6744290865384616","0.6744290865384616","0.7727150025406505","0.7727150025406505","0.7727150025406505","0.7664513221153846","0.7664513221153846","0.7664513221153846"
"49","0.6967397836538461","0.6967397836538461","0.6967397836538461","0.6695462740384616","0.6695462740384616","0.6695462740384616","0.7724688770325203","0.7724688770325203","0.7724688770325203","0.7674278846153846","0.7674278846153846","0.7674278846153846"
"50","0.7061298076923077","0.7061298076923077","0.7061298076923077","0.6754056490384616","0.6754056490384616","0.6754056490384616","0.7841479293699187","0.7841479293699187","0.7841479293699187","0.7723106971153846","0.7723106971153846","0.7723106971153846"
"51","0.7028245192307692","0.7028245192307692","0.7028245192307692","0.6812650240384616","0.6812650240384616","0.6812650240384616","0.7773516895325203","0.7773516895325203","0.7773516895325203","0.7749148637820512","0.7749148637820512","0.7749148637820512"
"52","0.7074068509615384","0.7074068509615384","0.7074068509615384","0.6802884615384616","0.6802884615384616","0.6802884615384616","0.7749936483739838","0.7749936483739838","0.7749936483739838","0.762520032051282","0.762520032051282","0.762520032051282"
"53","0.7066556490384616","0.7066556490384616","0.7066556490384616","0.6763822115384616","0.6763822115384616","0.6763822115384616","0.7792254192073171","0.7792254192073171","0.7792254192073171","0.773262219551282","0.773262219551282","0.773262219551282"
"54","0.7117638221153846","0.7117638221153846","0.7117638221153846","0.6754056490384616","0.6754056490384616","0.6754056490384616","0.7805275025406505","0.7805275025406505","0.7805275025406505","0.7739383012820512","0.7739383012820512","0.7739383012820512"
"55","0.7101862980769231","0.7101862980769231","0.7101862980769231","0.6822415865384616","0.6822415865384616","0.6822415865384616","0.7782488567073171","0.7782488567073171","0.7782488567073171","0.780098157051282","0.780098157051282","0.780098157051282"
"56","0.7092848557692308","0.7092848557692308","0.7092848557692308","0.6763822115384616","0.6763822115384616","0.6763822115384616","0.7917143038617885","0.7917143038617885","0.7917143038617885","0.778145032051282","0.778145032051282","0.778145032051282"
"57","0.7094350961538461","0.7094350961538461","0.7094350961538461","0.6763822115384616","0.6763822115384616","0.6763822115384616","0.7912299923780487","0.7912299923780487","0.7912299923780487","0.7833283253205128","0.7833283253205128","0.7833283253205128"
"58","0.7139423076923077","0.7139423076923077","0.7139423076923077","0.6783353365384616","0.6783353365384616","0.6783353365384616","0.7883003048780487","0.7883003048780487","0.7883003048780487","0.788837139423077","0.788837139423077","0.788837139423077"
"59","0.7116135817307692","0.7116135817307692","0.7116135817307692","0.6812650240384616","0.6812650240384616","0.6812650240384616","0.7909044715447154","0.7909044715447154","0.7909044715447154","0.788837139423077","0.788837139423077","0.788837139423077"
"60","0.7118389423076923","0.7118389423076923","0.7118389423076923","0.6851712740384616","0.6851712740384616","0.6851712740384616","0.7963509908536586","0.7963509908536586","0.7963509908536586","0.7969751602564102","0.7969751602564102","0.7969751602564102"
"61","0.7285907451923077","0.7285907451923077","0.7285907451923077","0.6900540865384616","0.6900540865384616","0.6900540865384616","0.8003842733739838","0.8003842733739838","0.8003842733739838","0.7872345753205128","0.7872345753205128","0.7872345753205128"
"62","0.7134164663461539","0.7134164663461539","0.7134164663461539","0.6881009615384616","0.6881009615384616","0.6881009615384616","0.8015196265243901","0.8015196265243901","0.8015196265243901","0.7869090544871794","0.7869090544871794","0.7869090544871794"
"63","0.7169471153846154","0.7169471153846154","0.7169471153846154","0.6851712740384616","0.6851712740384616","0.6851712740384616","0.7935880335365854","0.7935880335365854","0.7935880335365854","0.7914413060897436","0.7914413060897436","0.7914413060897436"
"64","0.7279897836538461","0.7279897836538461","0.7279897836538461","0.6920072115384616","0.6920072115384616","0.6920072115384616","0.8011941056910569","0.8011941056910569","0.8011941056910569","0.7943709935897436","0.7943709935897436","0.7943709935897436"
"65","0.7278395432692308","0.7278395432692308","0.7278395432692308","0.6861478365384616","0.6861478365384616","0.6861478365384616","0.8088875127032521","0.8088875127032521","0.8088875127032521","0.7950220352564102","0.7950220352564102","0.7950220352564102"
"66","0.7122896634615384","0.7122896634615384","0.7122896634615384","0.6890775240384616","0.6890775240384616","0.6890775240384616","0.8064500762195123","0.8064500762195123","0.8064500762195123","0.792743389423077","0.792743389423077","0.792743389423077"
"67","0.7185997596153846","0.7185997596153846","0.7185997596153846","0.6832181490384616","0.6832181490384616","0.6832181490384616","0.8098640752032521","0.8098640752032521","0.8098640752032521","0.7930939503205128","0.7930939503205128","0.7930939503205128"
"68","0.7235576923076923","0.7235576923076923","0.7235576923076923","0.6910306490384616","0.6910306490384616","0.6910306490384616","0.8005430640243901","0.8005430640243901","0.8005430640243901","0.7999048477564102","0.7999048477564102","0.7999048477564102"
"69","0.7366286057692308","0.7366286057692308","0.7366286057692308","0.7012469951923077","0.7012469951923077","0.7012469951923077","0.8037585746951219","0.8037585746951219","0.8037585746951219","0.7959985977564102","0.7959985977564102","0.7959985977564102"
"70","0.7198016826923077","0.7198016826923077","0.7198016826923077","0.6971153846153846","0.6971153846153846","0.6971153846153846","0.8105945121951219","0.8105945121951219","0.8105945121951219","0.7999048477564102","0.7999048477564102","0.7999048477564102"
"71","0.7190504807692308","0.7190504807692308","0.7190504807692308","0.6971153846153846","0.6971153846153846","0.6971153846153846","0.8068946900406505","0.8068946900406505","0.8068946900406505","0.7979517227564102","0.7979517227564102","0.7979517227564102"
"72","0.7273137019230769","0.7273137019230769","0.7273137019230769","0.6932091346153846","0.6932091346153846","0.6932091346153846","0.8115710746951219","0.8115710746951219","0.8115710746951219","0.7930689102564102","0.7930689102564102","0.7930689102564102"
"73","0.7231820913461539","0.7231820913461539","0.7231820913461539","0.7051532451923077","0.7051532451923077","0.7051532451923077","0.8073790015243901","0.8073790015243901","0.8073790015243901","0.795673076923077","0.795673076923077","0.795673076923077"
"74","0.7312199519230769","0.7312199519230769","0.7312199519230769","0.6939603365384616","0.6939603365384616","0.6939603365384616","0.8046160442073171","0.8046160442073171","0.8046160442073171","0.8077423878205128","0.8077423878205128","0.8077423878205128"
"75","0.7366286057692308","0.7366286057692308","0.7366286057692308","0.6973407451923077","0.6973407451923077","0.6973407451923077","0.8101102007113821","0.8101102007113821","0.8101102007113821","0.7979517227564102","0.7979517227564102","0.7979517227564102"
"76","0.7267127403846154","0.7267127403846154","0.7267127403846154","0.7061298076923077","0.7061298076923077","0.7061298076923077","0.8105945121951219","0.8105945121951219","0.8105945121951219","0.7979517227564102","0.7979517227564102","0.7979517227564102"
"77","0.7352013221153846","0.7352013221153846","0.7352013221153846","0.7051532451923077","0.7051532451923077","0.7051532451923077","0.8077918572154471","0.8077918572154471","0.8077918572154471","0.8028595753205128","0.8028595753205128","0.8028595753205128"
"78","0.7318209134615384","0.7318209134615384","0.7318209134615384","0.7012469951923077","0.7012469951923077","0.7012469951923077","0.8077045223577235","0.8077045223577235","0.8077045223577235","0.8061147836538461","0.8061147836538461","0.8061147836538461"
"79","0.7301682692307692","0.7301682692307692","0.7301682692307692","0.7110126201923077","0.7110126201923077","0.7110126201923077","0.8094988567073171","0.8094988567073171","0.8094988567073171","0.797626201923077","0.797626201923077","0.797626201923077"
"80","0.7323467548076923","0.7323467548076923","0.7323467548076923","0.7071063701923077","0.7071063701923077","0.7071063701923077","0.8099434705284553","0.8099434705284553","0.8099434705284553","0.795673076923077","0.795673076923077","0.795673076923077"
"81","0.7385817307692308","0.7385817307692308","0.7385817307692308","0.7110126201923077","0.7110126201923077","0.7110126201923077","0.8089272103658537","0.8089272103658537","0.8089272103658537","0.7979767628205128","0.7979767628205128","0.7979767628205128"
"82","0.7307692307692308","0.7307692307692308","0.7307692307692308","0.7090594951923077","0.7090594951923077","0.7090594951923077","0.8182005843495935","0.8182005843495935","0.8182005843495935","0.7950220352564102","0.7950220352564102","0.7950220352564102"
"83","0.7394080528846154","0.7394080528846154","0.7394080528846154","0.7131911057692308","0.7131911057692308","0.7131911057692308","0.8138497205284553","0.8138497205284553","0.8138497205284553","0.7979517227564102","0.7979517227564102","0.7979517227564102"
"84","0.7379807692307692","0.7379807692307692","0.7379807692307692","0.7051532451923077","0.7051532451923077","0.7051532451923077","0.8132383765243901","0.8132383765243901","0.8132383765243901","0.7797225560897436","0.7797225560897436","0.7797225560897436"
"85","0.7409855769230769","0.7409855769230769","0.7409855769230769","0.6992938701923077","0.6992938701923077","0.6992938701923077","0.8060848577235772","0.8060848577235772","0.8060848577235772","0.7917918669871794","0.7917918669871794","0.7917918669871794"
"86","0.740234375","0.740234375","0.740234375","0.7041766826923077","0.7041766826923077","0.7041766826923077","0.8037665142276422","0.8037665142276422","0.8037665142276422","0.794696514423077","0.794696514423077","0.794696514423077"
"87","0.7361778846153846","0.7361778846153846","0.7361778846153846","0.7051532451923077","0.7051532451923077","0.7051532451923077","0.8184070121951219","0.8184070121951219","0.8184070121951219","0.7953475560897436","0.7953475560897436","0.7953475560897436"
"88","0.7406850961538461","0.7406850961538461","0.7406850961538461","0.7131911057692308","0.7131911057692308","0.7131911057692308","0.8125476371951219","0.8125476371951219","0.8125476371951219","0.7979517227564102","0.7979517227564102","0.7979517227564102"
"89","0.7434645432692308","0.7434645432692308","0.7434645432692308","0.7141676682692308","0.7141676682692308","0.7141676682692308","0.8169858358739838","0.8169858358739838","0.8169858358739838","0.8002303685897436","0.8002303685897436","0.8002303685897436"
"90","0.7394831730769231","0.7394831730769231","0.7394831730769231","0.7122145432692308","0.7122145432692308","0.7122145432692308","0.8249174288617885","0.8249174288617885","0.8249174288617885","0.7989533253205128","0.7989533253205128","0.7989533253205128"
"91","0.7342247596153846","0.7342247596153846","0.7342247596153846","0.7180739182692308","0.7180739182692308","0.7180739182692308","0.8195026676829268","0.8195026676829268","0.8195026676829268","0.8002303685897436","0.8002303685897436","0.8002303685897436"
"92","0.7442157451923077","0.7442157451923077","0.7442157451923077","0.7056039663461539","0.7056039663461539","0.7056039663461539","0.8138497205284553","0.8138497205284553","0.8138497205284553","0.7999048477564102","0.7999048477564102","0.7999048477564102"
"93","0.7439903846153846","0.7439903846153846","0.7439903846153846","0.7139423076923077","0.7139423076923077","0.7139423076923077","0.8167794080284553","0.8167794080284553","0.8167794080284553","0.8022085336538461","0.8022085336538461","0.8022085336538461"
"94","0.7469951923076923","0.7469951923076923","0.7469951923076923","0.7131911057692308","0.7131911057692308","0.7131911057692308","0.8084825965447154","0.8084825965447154","0.8084825965447154","0.7894881810897436","0.7894881810897436","0.7894881810897436"
"95","0.7415114182692308","0.7415114182692308","0.7415114182692308","0.7129657451923077","0.7129657451923077","0.7129657451923077","0.8173113567073171","0.8173113567073171","0.8173113567073171","0.7969751602564102","0.7969751602564102","0.7969751602564102"
"96","0.7390324519230769","0.7390324519230769","0.7390324519230769","0.7041766826923077","0.7041766826923077","0.7041766826923077","0.8166603150406505","0.8166603150406505","0.8166603150406505","0.7973006810897436","0.7973006810897436","0.7973006810897436"
"97","0.7426382211538461","0.7426382211538461","0.7426382211538461","0.7180739182692308","0.7180739182692308","0.7180739182692308","0.8231707317073171","0.8231707317073171","0.8231707317073171","0.8044871794871794","0.8044871794871794","0.8044871794871794"
"98","0.7474459134615384","0.7474459134615384","0.7474459134615384","0.7053786057692308","0.7053786057692308","0.7053786057692308","0.8225990853658537","0.8225990853658537","0.8225990853658537","0.7979517227564102","0.7979517227564102","0.7979517227564102"
"99","0.7451171875","0.7451171875","0.7451171875","0.7151442307692308","0.7151442307692308","0.7151442307692308","0.8222735645325203","0.8222735645325203","0.8222735645325203","0.7973006810897436","0.7973006810897436","0.7973006810897436"
"100","0.7438401442307692","0.7438401442307692","0.7438401442307692","0.7161207932692308","0.7161207932692308","0.7161207932692308","0.8171049288617885","0.8171049288617885","0.8171049288617885","0.8005809294871794","0.8005809294871794","0.8005809294871794"
"101","0.7473707932692308","0.7473707932692308","0.7473707932692308","0.7161207932692308","0.7161207932692308","0.7161207932692308","0.8178830030487805","0.8178830030487805","0.8178830030487805","0.8070913461538461","0.8070913461538461","0.8070913461538461"
"102","0.7507512019230769","0.7507512019230769","0.7507512019230769","0.7210036057692308","0.7210036057692308","0.7210036057692308","0.8160489710365854","0.8160489710365854","0.8160489710365854","0.8051131810897436","0.8051131810897436","0.8051131810897436"
"103","0.7530799278846154","0.7530799278846154","0.7530799278846154","0.7231820913461539","0.7231820913461539","0.7231820913461539","0.8210508765243901","0.8210508765243901","0.8210508765243901","0.8028345352564102","0.8028345352564102","0.8028345352564102"
"104","0.7491736778846154","0.7491736778846154","0.7491736778846154","0.7180739182692308","0.7180739182692308","0.7180739182692308","0.8206459603658537","0.8206459603658537","0.8206459603658537","0.8051131810897436","0.8051131810897436","0.8051131810897436"
"105","0.7476712740384616","0.7476712740384616","0.7476712740384616","0.7231820913461539","0.7231820913461539","0.7231820913461539","0.8200346163617885","0.8200346163617885","0.8200346163617885","0.8041616586538461","0.8041616586538461","0.8041616586538461"
"106","0.7412860576923077","0.7412860576923077","0.7412860576923077","0.7270883413461539","0.7270883413461539","0.7270883413461539","0.8196297002032521","0.8196297002032521","0.8196297002032521","0.803485576923077","0.803485576923077","0.803485576923077"
"107","0.7421875","0.7421875","0.7421875","0.7270883413461539","0.7270883413461539","0.7270883413461539","0.8191850863821138","0.8191850863821138","0.8191850863821138","0.8002303685897436","0.8002303685897436","0.8002303685897436"
"108","0.73828125","0.73828125","0.73828125","0.6227463942307692","0.6227463942307692","0.6227463942307692","0.8177559705284553","0.8177559705284553","0.8177559705284553","0.8041366185897436","0.8041366185897436","0.8041366185897436"
"109","0.7445913461538461","0.7445913461538461","0.7445913461538461","0.7153695913461539","0.7153695913461539","0.7153695913461539","0.8235756478658537","0.8235756478658537","0.8235756478658537","0.8025340544871794","0.8025340544871794","0.8025340544871794"
"110","0.7418870192307692","0.7418870192307692","0.7418870192307692","0.7253605769230769","0.7253605769230769","0.7253605769230769","0.8245125127032521","0.8245125127032521","0.8245125127032521","0.8021834935897436","0.8021834935897436","0.8021834935897436"
"111","0.7518780048076923","0.7518780048076923","0.7518780048076923","0.7261117788461539","0.7261117788461539","0.7261117788461539","0.8240202616869919","0.8240202616869919","0.8240202616869919","0.790790264423077","0.790790264423077","0.790790264423077"
"112","0.75","0.75","0.75","0.7222055288461539","0.7222055288461539","0.7222055288461539","0.8292285950203252","0.8292285950203252","0.8292285950203252","0.8044871794871794","0.8044871794871794","0.8044871794871794"
"113","0.7475961538461539","0.7475961538461539","0.7475961538461539","0.7280649038461539","0.7280649038461539","0.7280649038461539","0.8175574822154471","0.8175574822154471","0.8175574822154471","0.7979517227564102","0.7979517227564102","0.7979517227564102"
"114","0.7543569711538461","0.7543569711538461","0.7543569711538461","0.7292668269230769","0.7292668269230769","0.7292668269230769","0.822924606199187","0.822924606199187","0.822924606199187","0.8031850961538461","0.8031850961538461","0.8031850961538461"
"115","0.75","0.75","0.75","0.7253605769230769","0.7253605769230769","0.7253605769230769","0.8292682926829268","0.8292682926829268","0.8292682926829268","0.7940705128205128","0.7940705128205128","0.7940705128205128"
"116","0.7527794471153846","0.7527794471153846","0.7527794471153846","0.7197265625","0.7197265625","0.7197265625","0.8275612931910569","0.8275612931910569","0.8275612931910569","0.800555889423077","0.800555889423077","0.800555889423077"
"117","0.7536057692307692","0.7536057692307692","0.7536057692307692","0.7241586538461539","0.7241586538461539","0.7241586538461539","0.8222338668699187","0.8222338668699187","0.8222338668699187","0.797626201923077","0.797626201923077","0.797626201923077"
"118","0.75","0.75","0.75","0.7280649038461539","0.7280649038461539","0.7280649038461539","0.8167794080284553","0.8167794080284553","0.8167794080284553","0.8054637419871794","0.8054637419871794","0.8054637419871794"
"119","0.7539813701923077","0.7539813701923077","0.7539813701923077","0.7253605769230769","0.7253605769230769","0.7253605769230769","0.8274818978658537","0.8274818978658537","0.8274818978658537","0.8061147836538461","0.8061147836538461","0.8061147836538461"
"120","0.7507512019230769","0.7507512019230769","0.7507512019230769","0.7270883413461539","0.7270883413461539","0.7270883413461539","0.8301654598577235","0.8301654598577235","0.8301654598577235","0.8038110977564102","0.8038110977564102","0.8038110977564102"
"121","0.7499248798076923","0.7499248798076923","0.7499248798076923","0.7239332932692308","0.7239332932692308","0.7239332932692308","0.8218289507113821","0.8218289507113821","0.8218289507113821","0.799579326923077","0.799579326923077","0.799579326923077"
"122","0.7599909855769231","0.7599909855769231","0.7599909855769231","0.7280649038461539","0.7280649038461539","0.7280649038461539","0.8284187627032521","0.8284187627032521","0.8284187627032521","0.805438701923077","0.805438701923077","0.805438701923077"
"123","0.7531550480769231","0.7531550480769231","0.7531550480769231","0.7204777644230769","0.7204777644230769","0.7204777644230769","0.8315072408536586","0.8315072408536586","0.8315072408536586","0.804462139423077","0.804462139423077","0.804462139423077"
"124","0.7414362980769231","0.7414362980769231","0.7414362980769231","0.7234074519230769","0.7234074519230769","0.7234074519230769","0.8249174288617885","0.8249174288617885","0.8249174288617885","0.7999048477564102","0.7999048477564102","0.7999048477564102"
"125","0.7628455528846154","0.7628455528846154","0.7628455528846154","0.7202524038461539","0.7202524038461539","0.7202524038461539","0.8189389608739838","0.8189389608739838","0.8189389608739838","0.798602764423077","0.798602764423077","0.798602764423077"
"126","0.7634465144230769","0.7634465144230769","0.7634465144230769","0.7151442307692308","0.7151442307692308","0.7151442307692308","0.8288236788617885","0.8288236788617885","0.8288236788617885","0.7999048477564102","0.7999048477564102","0.7999048477564102"
"127","0.7556340144230769","0.7556340144230769","0.7556340144230769","0.7222055288461539","0.7222055288461539","0.7222055288461539","0.8244331173780487","0.8244331173780487","0.8244331173780487","0.804462139423077","0.804462139423077","0.804462139423077"
"128","0.7531550480769231","0.7531550480769231","0.7531550480769231","0.7253605769230769","0.7253605769230769","0.7253605769230769","0.8325711382113821","0.8325711382113821","0.8325711382113821","0.802509014423077","0.802509014423077","0.802509014423077"
"129","0.7568359375","0.7568359375","0.7568359375","0.7292668269230769","0.7292668269230769","0.7292668269230769","0.8273628048780487","0.8273628048780487","0.8273628048780487","0.803485576923077","0.803485576923077","0.803485576923077"
"130","0.7619441105769231","0.7619441105769231","0.7619441105769231","0.7302433894230769","0.7302433894230769","0.7302433894230769","0.8180814913617885","0.8180814913617885","0.8180814913617885","0.8041616586538461","0.8041616586538461","0.8041616586538461"
"131","0.7611929086538461","0.7611929086538461","0.7611929086538461","0.7351262019230769","0.7351262019230769","0.7351262019230769","0.8304909806910569","0.8304909806910569","0.8304909806910569","0.8022085336538461","0.8022085336538461","0.8022085336538461"
"132","0.7647986778846154","0.7647986778846154","0.7647986778846154","0.7234074519230769","0.7234074519230769","0.7234074519230769","0.8335000635162602","0.8335000635162602","0.8335000635162602","0.8060897435897436","0.8060897435897436","0.8060897435897436"
"133","0.7546574519230769","0.7546574519230769","0.7546574519230769","0.7231820913461539","0.7231820913461539","0.7231820913461539","0.8297208460365854","0.8297208460365854","0.8297208460365854","0.7950220352564102","0.7950220352564102","0.7950220352564102"
"134","0.7570612980769231","0.7570612980769231","0.7570612980769231","0.7273137019230769","0.7273137019230769","0.7273137019230769","0.8284981580284553","0.8284981580284553","0.8284981580284553","0.8025340544871794","0.8025340544871794","0.8025340544871794"
"135","0.7616436298076923","0.7616436298076923","0.7616436298076923","0.7341496394230769","0.7341496394230769","0.7341496394230769","0.832690231199187","0.832690231199187","0.832690231199187","0.8021834935897436","0.8021834935897436","0.8021834935897436"
"136","0.7622445913461539","0.7622445913461539","0.7622445913461539","0.7292668269230769","0.7292668269230769","0.7292668269230769","0.8245125127032521","0.8245125127032521","0.8245125127032521","0.8012069310897436","0.8012069310897436","0.8012069310897436"
"137","0.7542818509615384","0.7542818509615384","0.7542818509615384","0.7351262019230769","0.7351262019230769","0.7351262019230769","0.8282123348577235","0.8282123348577235","0.8282123348577235","0.8106470352564102","0.8106470352564102","0.8106470352564102"
"138","0.7670522836538461","0.7670522836538461","0.7670522836538461","0.7231820913461539","0.7231820913461539","0.7231820913461539","0.8269975863821138","0.8269975863821138","0.8269975863821138","0.806415264423077","0.806415264423077","0.806415264423077"
"139","0.7596153846153846","0.7596153846153846","0.7596153846153846","0.7263371394230769","0.7263371394230769","0.7263371394230769","0.8314278455284553","0.8314278455284553","0.8314278455284553","0.8028345352564102","0.8028345352564102","0.8028345352564102"
"140","0.7492487980769231","0.7492487980769231","0.7492487980769231","0.7321965144230769","0.7321965144230769","0.7321965144230769","0.8298002413617885","0.8298002413617885","0.8298002413617885","0.811298076923077","0.811298076923077","0.811298076923077"
"141","0.7671274038461539","0.7671274038461539","0.7671274038461539","0.7321965144230769","0.7321965144230769","0.7321965144230769","0.8250444613821138","0.8250444613821138","0.8250444613821138","0.801532451923077","0.801532451923077","0.801532451923077"
"142","0.7675030048076923","0.7675030048076923","0.7675030048076923","0.7321965144230769","0.7321965144230769","0.7321965144230769","0.8311817200203252","0.8311817200203252","0.8311817200203252","0.8067407852564102","0.8067407852564102","0.8067407852564102"
"143","0.7594651442307692","0.7594651442307692","0.7594651442307692","0.7302433894230769","0.7302433894230769","0.7302433894230769","0.8326108358739838","0.8326108358739838","0.8326108358739838","0.8060897435897436","0.8060897435897436","0.8060897435897436"
"144","0.7611929086538461","0.7611929086538461","0.7611929086538461","0.7253605769230769","0.7253605769230769","0.7253605769230769","0.8357787093495935","0.8357787093495935","0.8357787093495935","0.8087189503205128","0.8087189503205128","0.8087189503205128"
"145","0.7578876201923077","0.7578876201923077","0.7578876201923077","0.7273137019230769","0.7273137019230769","0.7273137019230769","0.8349688770325203","0.8349688770325203","0.8349688770325203","0.8057642227564102","0.8057642227564102","0.8057642227564102"
"146","0.7609675480769231","0.7609675480769231","0.7609675480769231","0.7331730769230769","0.7331730769230769","0.7331730769230769","0.8284981580284553","0.8284981580284553","0.8284981580284553","0.8070913461538461","0.8070913461538461","0.8070913461538461"
"147","0.7647986778846154","0.7647986778846154","0.7647986778846154","0.7361027644230769","0.7361027644230769","0.7361027644230769","0.8323647103658537","0.8323647103658537","0.8323647103658537","0.800555889423077","0.800555889423077","0.800555889423077"
"148","0.7723106971153846","0.7723106971153846","0.7723106971153846","0.7292668269230769","0.7292668269230769","0.7292668269230769","0.8298796366869919","0.8298796366869919","0.8298796366869919","0.802509014423077","0.802509014423077","0.802509014423077"
"149","0.7647235576923077","0.7647235576923077","0.7647235576923077","0.7302433894230769","0.7302433894230769","0.7302433894230769","0.8258145960365854","0.8258145960365854","0.8258145960365854","0.8038110977564102","0.8038110977564102","0.8038110977564102"
"150","0.7655498798076923","0.7655498798076923","0.7655498798076923","0.7243840144230769","0.7243840144230769","0.7243840144230769","0.8380176575203252","0.8380176575203252","0.8380176575203252","0.8018579727564102","0.8018579727564102","0.8018579727564102"
"151","0.7678034855769231","0.7678034855769231","0.7678034855769231","0.7253605769230769","0.7253605769230769","0.7253605769230769","0.8323250127032521","0.8323250127032521","0.8323250127032521","0.805438701923077","0.805438701923077","0.805438701923077"
"152","0.7641977163461539","0.7641977163461539","0.7641977163461539","0.7331730769230769","0.7331730769230769","0.7331730769230769","0.835619918699187","0.835619918699187","0.835619918699187","0.806415264423077","0.806415264423077","0.806415264423077"
"153","0.7687800480769231","0.7687800480769231","0.7687800480769231","0.7253605769230769","0.7253605769230769","0.7253605769230769","0.8433450838414634","0.8433450838414634","0.8433450838414634","0.8086939102564102","0.8086939102564102","0.8086939102564102"
"154","0.7654747596153846","0.7654747596153846","0.7654747596153846","0.7302433894230769","0.7302433894230769","0.7302433894230769","0.8380573551829268","0.8380573551829268","0.8380573551829268","0.8175080128205128","0.8175080128205128","0.8175080128205128"
"155","0.7634465144230769","0.7634465144230769","0.7634465144230769","0.7212289663461539","0.7212289663461539","0.7212289663461539","0.834643356199187","0.834643356199187","0.834643356199187","0.8070663060897436","0.8070663060897436","0.8070663060897436"
"156","0.7653996394230769","0.7653996394230769","0.7653996394230769","0.7333984375","0.7333984375","0.7333984375","0.8372078252032521","0.8372078252032521","0.8372078252032521","0.8002303685897436","0.8002303685897436","0.8002303685897436"
"157","0.7761418269230769","0.7761418269230769","0.7761418269230769","0.7282902644230769","0.7282902644230769","0.7282902644230769","0.8365091463414634","0.8365091463414634","0.8365091463414634","0.807391826923077","0.807391826923077","0.807391826923077"
"158","0.7669771634615384","0.7669771634615384","0.7669771634615384","0.7273137019230769","0.7273137019230769","0.7273137019230769","0.8300860645325203","0.8300860645325203","0.8300860645325203","0.8086939102564102","0.8086939102564102","0.8086939102564102"
"159","0.7584885817307692","0.7584885817307692","0.7584885817307692","0.7331730769230769","0.7331730769230769","0.7331730769230769","0.8378985645325203","0.8378985645325203","0.8378985645325203","0.8064403044871794","0.8064403044871794","0.8064403044871794"
"160","0.7753155048076923","0.7753155048076923","0.7753155048076923","0.7263371394230769","0.7263371394230769","0.7263371394230769","0.8361915650406505","0.8361915650406505","0.8361915650406505","0.8047876602564102","0.8047876602564102","0.8047876602564102"
"161","0.7646484375","0.7646484375","0.7646484375","0.7302433894230769","0.7302433894230769","0.7302433894230769","0.8377318343495935","0.8377318343495935","0.8377318343495935","0.8149038461538461","0.8149038461538461","0.8149038461538461"
"162","0.7666015625","0.7666015625","0.7666015625","0.7341496394230769","0.7341496394230769","0.7341496394230769","0.8328093241869919","0.8328093241869919","0.8328093241869919","0.8070663060897436","0.8070663060897436","0.8070663060897436"
"163","0.7720102163461539","0.7720102163461539","0.7720102163461539","0.7312199519230769","0.7312199519230769","0.7312199519230769","0.8361042301829268","0.8361042301829268","0.8361042301829268","0.8152293669871794","0.8152293669871794","0.8152293669871794"
"164","0.7690054086538461","0.7690054086538461","0.7690054086538461","0.7292668269230769","0.7292668269230769","0.7292668269230769","0.8435118140243901","0.8435118140243901","0.8435118140243901","0.8109725560897436","0.8109725560897436","0.8109725560897436"
"165","0.7715594951923077","0.7715594951923077","0.7715594951923077","0.7273137019230769","0.7273137019230769","0.7273137019230769","0.8415586890243901","0.8415586890243901","0.8415586890243901","0.8119491185897436","0.8119491185897436","0.8119491185897436"
"166","0.7641225961538461","0.7641225961538461","0.7641225961538461","0.7302433894230769","0.7302433894230769","0.7302433894230769","0.8431862931910569","0.8431862931910569","0.8431862931910569","0.8021834935897436","0.8021834935897436","0.8021834935897436"
"167","0.7719350961538461","0.7719350961538461","0.7719350961538461","0.7282902644230769","0.7282902644230769","0.7282902644230769","0.8411934705284553","0.8411934705284553","0.8411934705284553","0.806415264423077","0.806415264423077","0.806415264423077"
"168","0.7686298076923077","0.7686298076923077","0.7686298076923077","0.7282902644230769","0.7282902644230769","0.7282902644230769","0.8369616996951219","0.8369616996951219","0.8369616996951219","0.8077423878205128","0.8077423878205128","0.8077423878205128"
"169","0.7681039663461539","0.7681039663461539","0.7681039663461539","0.7351262019230769","0.7351262019230769","0.7351262019230769","0.8309832317073171","0.8309832317073171","0.8309832317073171","0.8109725560897436","0.8109725560897436","0.8109725560897436"
"170","0.7731370192307692","0.7731370192307692","0.7731370192307692","0.7263371394230769","0.7263371394230769","0.7263371394230769","0.8390339176829268","0.8390339176829268","0.8390339176829268","0.8038110977564102","0.8038110977564102","0.8038110977564102"
"171","0.7599158653846154","0.7599158653846154","0.7599158653846154","0.7273137019230769","0.7273137019230769","0.7273137019230769","0.831713668699187","0.831713668699187","0.831713668699187","0.811298076923077","0.811298076923077","0.811298076923077"
"172","0.771484375","0.771484375","0.771484375","0.7312199519230769","0.7312199519230769","0.7312199519230769","0.8465208968495935","0.8465208968495935","0.8465208968495935","0.810321514423077","0.810321514423077","0.810321514423077"
"173","0.759765625","0.759765625","0.759765625","0.7302433894230769","0.7302433894230769","0.7302433894230769","0.8341193470528455","0.8341193470528455","0.8341193470528455","0.809344951923077","0.809344951923077","0.809344951923077"
"174","0.7762920673076923","0.7762920673076923","0.7762920673076923","0.7253605769230769","0.7253605769230769","0.7253605769230769","0.8400581173780487","0.8400581173780487","0.8400581173780487","0.799579326923077","0.799579326923077","0.799579326923077"
"175","0.7607421875","0.7607421875","0.7607421875","0.7263371394230769","0.7263371394230769","0.7263371394230769","0.8420906377032521","0.8420906377032521","0.8420906377032521","0.8067407852564102","0.8067407852564102","0.8067407852564102"
"176","0.7701322115384616","0.7701322115384616","0.7701322115384616","0.7263371394230769","0.7263371394230769","0.7263371394230769","0.8379858993902438","0.8379858993902438","0.8379858993902438","0.805438701923077","0.805438701923077","0.805438701923077"
"177","0.7628455528846154","0.7628455528846154","0.7628455528846154","0.7331730769230769","0.7331730769230769","0.7331730769230769","0.8485931148373984","0.8485931148373984","0.8485931148373984","0.8077173477564102","0.8077173477564102","0.8077173477564102"
"178","0.7750901442307692","0.7750901442307692","0.7750901442307692","0.7282902644230769","0.7282902644230769","0.7282902644230769","0.8352943978658537","0.8352943978658537","0.8352943978658537","0.8139022435897436","0.8139022435897436","0.8139022435897436"
"179","0.7629206730769231","0.7629206730769231","0.7629206730769231","0.7331730769230769","0.7331730769230769","0.7331730769230769","0.8402169080284553","0.8402169080284553","0.8402169080284553","0.8086939102564102","0.8086939102564102","0.8086939102564102"
"180","0.7736628605769231","0.7736628605769231","0.7736628605769231","0.7341496394230769","0.7341496394230769","0.7341496394230769","0.8419239075203252","0.8419239075203252","0.8419239075203252","0.8021834935897436","0.8021834935897436","0.8021834935897436"
"181","0.7760667067307692","0.7760667067307692","0.7760667067307692","0.7263371394230769","0.7263371394230769","0.7263371394230769","0.8388751270325203","0.8388751270325203","0.8388751270325203","0.804462139423077","0.804462139423077","0.804462139423077"
"182","0.7734375","0.7734375","0.7734375","0.7282902644230769","0.7282902644230769","0.7282902644230769","0.8412728658536586","0.8412728658536586","0.8412728658536586","0.8038110977564102","0.8038110977564102","0.8038110977564102"
"183","0.7702073317307692","0.7702073317307692","0.7702073317307692","0.7341496394230769","0.7341496394230769","0.7341496394230769","0.8424161585365854","0.8424161585365854","0.8424161585365854","0.8077173477564102","0.8077173477564102","0.8077173477564102"
"184","0.7733623798076923","0.7733623798076923","0.7733623798076923","0.7292668269230769","0.7292668269230769","0.7292668269230769","0.8369616996951219","0.8369616996951219","0.8369616996951219","0.803485576923077","0.803485576923077","0.803485576923077"
"185","0.7654747596153846","0.7654747596153846","0.7654747596153846","0.7292668269230769","0.7292668269230769","0.7292668269230769","0.8398119918699187","0.8398119918699187","0.8398119918699187","0.807391826923077","0.807391826923077","0.807391826923077"
"186","0.7774188701923077","0.7774188701923077","0.7774188701923077","0.7312199519230769","0.7312199519230769","0.7312199519230769","0.8407885543699187","0.8407885543699187","0.8407885543699187","0.8168569711538461","0.8168569711538461","0.8168569711538461"
"187","0.7758413461538461","0.7758413461538461","0.7758413461538461","0.7302433894230769","0.7302433894230769","0.7302433894230769","0.8486407520325203","0.8486407520325203","0.8486407520325203","0.8090194310897436","0.8090194310897436","0.8090194310897436"
"188","0.7708834134615384","0.7708834134615384","0.7708834134615384","0.7282902644230769","0.7282902644230769","0.7282902644230769","0.8370410950203252","0.8370410950203252","0.8370410950203252","0.8158553685897436","0.8158553685897436","0.8158553685897436"
"189","0.7840294471153846","0.7840294471153846","0.7840294471153846","0.7394831730769231","0.7394831730769231","0.7394831730769231","0.8486804496951219","0.8486804496951219","0.8486804496951219","0.8171824919871794","0.8171824919871794","0.8171824919871794"
"190","0.7768179086538461","0.7768179086538461","0.7768179086538461","0.7282902644230769","0.7282902644230769","0.7282902644230769","0.8329363567073171","0.8329363567073171","0.8329363567073171","0.8119491185897436","0.8119491185897436","0.8119491185897436"
"191","0.7794471153846154","0.7794471153846154","0.7794471153846154","0.7290414663461539","0.7290414663461539","0.7290414663461539","0.8464811991869919","0.8464811991869919","0.8464811991869919","0.8047876602564102","0.8047876602564102","0.8047876602564102"
"192","0.7811748798076923","0.7811748798076923","0.7811748798076923","0.7370793269230769","0.7370793269230769","0.7370793269230769","0.8445280741869919","0.8445280741869919","0.8445280741869919","0.807391826923077","0.807391826923077","0.807391826923077"
"193","0.7719350961538461","0.7719350961538461","0.7719350961538461","0.7294921875","0.7294921875","0.7294921875","0.8393197408536586","0.8393197408536586","0.8393197408536586","0.8093699919871794","0.8093699919871794","0.8093699919871794"
"194","0.7762920673076923","0.7762920673076923","0.7762920673076923","0.7282902644230769","0.7282902644230769","0.7282902644230769","0.8461556783536586","0.8461556783536586","0.8461556783536586","0.814227764423077","0.814227764423077","0.814227764423077"
"195","0.7666766826923077","0.7666766826923077","0.7666766826923077","0.7312199519230769","0.7312199519230769","0.7312199519230769","0.8462350736788617","0.8462350736788617","0.8462350736788617","0.8135767227564102","0.8135767227564102","0.8135767227564102"
"196","0.7794471153846154","0.7794471153846154","0.7794471153846154","0.7341496394230769","0.7341496394230769","0.7341496394230769","0.8451791158536586","0.8451791158536586","0.8451791158536586","0.8008814102564102","0.8008814102564102","0.8008814102564102"
"197","0.7872596153846154","0.7872596153846154","0.7872596153846154","0.7321965144230769","0.7321965144230769","0.7321965144230769","0.8455046366869919","0.8455046366869919","0.8455046366869919","0.812274639423077","0.812274639423077","0.812274639423077"
"198","0.7776442307692308","0.7776442307692308","0.7776442307692308","0.7321965144230769","0.7321965144230769","0.7321965144230769","0.8462827108739838","0.8462827108739838","0.8462827108739838","0.8077173477564102","0.8077173477564102","0.8077173477564102"
"199","0.7778695913461539","0.7778695913461539","0.7778695913461539","0.7321965144230769","0.7321965144230769","0.7321965144230769","0.846362106199187","0.846362106199187","0.846362106199187","0.8096704727564102","0.8096704727564102","0.8096704727564102"
"200","0.7750150240384616","0.7750150240384616","0.7750150240384616","0.7290414663461539","0.7290414663461539","0.7290414663461539","0.8385099085365854","0.8385099085365854","0.8385099085365854","0.8119491185897436","0.8119491185897436","0.8119491185897436"
"201","0.7807241586538461","0.7807241586538461","0.7807241586538461","0.7339242788461539","0.7339242788461539","0.7339242788461539","0.8466479293699187","0.8466479293699187","0.8466479293699187","0.808368389423077","0.808368389423077","0.808368389423077"
"202","0.7777193509615384","0.7777193509615384","0.7777193509615384","0.7361027644230769","0.7361027644230769","0.7361027644230769","0.8450203252032521","0.8450203252032521","0.8450203252032521","0.805438701923077","0.805438701923077","0.805438701923077"
"203","0.7786959134615384","0.7786959134615384","0.7786959134615384","0.7282902644230769","0.7282902644230769","0.7282902644230769","0.8403042428861789","0.8403042428861789","0.8403042428861789","0.8077173477564102","0.8077173477564102","0.8077173477564102"
"204","0.7698317307692308","0.7698317307692308","0.7698317307692308","0.7263371394230769","0.7263371394230769","0.7263371394230769","0.8522611788617885","0.8522611788617885","0.8522611788617885","0.809344951923077","0.809344951923077","0.809344951923077"
"205","0.7687049278846154","0.7687049278846154","0.7687049278846154","0.7273137019230769","0.7273137019230769","0.7273137019230769","0.8444486788617885","0.8444486788617885","0.8444486788617885","0.8077173477564102","0.8077173477564102","0.8077173477564102"
"206","0.7774939903846154","0.7774939903846154","0.7774939903846154","0.7302433894230769","0.7302433894230769","0.7302433894230769","0.8484343241869919","0.8484343241869919","0.8484343241869919","0.812274639423077","0.812274639423077","0.812274639423077"
"207","0.7732872596153846","0.7732872596153846","0.7732872596153846","0.7331730769230769","0.7331730769230769","0.7331730769230769","0.8437579395325203","0.8437579395325203","0.8437579395325203","0.8129256810897436","0.8129256810897436","0.8129256810897436"
"208","0.7706580528846154","0.7706580528846154","0.7706580528846154","0.7273137019230769","0.7273137019230769","0.7273137019230769","0.8523008765243901","0.8523008765243901","0.8523008765243901","0.8090194310897436","0.8090194310897436","0.8090194310897436"
"209","0.7741135817307692","0.7741135817307692","0.7741135817307692","0.7282902644230769","0.7282902644230769","0.7282902644230769","0.8446551067073171","0.8446551067073171","0.8446551067073171","0.8155298477564102","0.8155298477564102","0.8155298477564102"
"210","0.7833533653846154","0.7833533653846154","0.7833533653846154","0.7387319711538461","0.7387319711538461","0.7387319711538461","0.8415189913617885","0.8415189913617885","0.8415189913617885","0.8165064102564102","0.8165064102564102","0.8165064102564102"
"211","0.7796724759615384","0.7796724759615384","0.7796724759615384","0.7312199519230769","0.7312199519230769","0.7312199519230769","0.8459571900406505","0.8459571900406505","0.8459571900406505","0.8119741586538461","0.8119741586538461","0.8119741586538461"
"212","0.7696814903846154","0.7696814903846154","0.7696814903846154","0.7253605769230769","0.7253605769230769","0.7253605769230769","0.8391212525406505","0.8391212525406505","0.8391212525406505","0.8051131810897436","0.8051131810897436","0.8051131810897436"
"213","0.7801983173076923","0.7801983173076923","0.7801983173076923","0.732421875","0.732421875","0.732421875","0.8529519181910569","0.8529519181910569","0.8529519181910569","0.8126001602564102","0.8126001602564102","0.8126001602564102"
"214","0.7804236778846154","0.7804236778846154","0.7804236778846154","0.7355769230769231","0.7355769230769231","0.7355769230769231","0.8483549288617885","0.8483549288617885","0.8483549288617885","0.8151792868589745","0.8151792868589745","0.8151792868589745"
"215","0.7780198317307692","0.7780198317307692","0.7780198317307692","0.732421875","0.732421875","0.732421875","0.8440437627032521","0.8440437627032521","0.8440437627032521","0.8119741586538461","0.8119741586538461","0.8119741586538461"
"216","0.7750150240384616","0.7750150240384616","0.7750150240384616","0.7280649038461539","0.7280649038461539","0.7280649038461539","0.8503477515243901","0.8503477515243901","0.8503477515243901","0.8119491185897436","0.8119491185897436","0.8119491185897436"
"217","0.7741887019230769","0.7741887019230769","0.7741887019230769","0.7302433894230769","0.7302433894230769","0.7302433894230769","0.8385099085365854","0.8385099085365854","0.8385099085365854","0.8190855368589745","0.8190855368589745","0.8190855368589745"
"218","0.7810246394230769","0.7810246394230769","0.7810246394230769","0.7241586538461539","0.7241586538461539","0.7241586538461539","0.8523405741869919","0.8523405741869919","0.8523405741869919","0.8080428685897436","0.8080428685897436","0.8080428685897436"
"219","0.7885366586538461","0.7885366586538461","0.7885366586538461","0.7261117788461539","0.7261117788461539","0.7261117788461539","0.8451791158536586","0.8451791158536586","0.8451791158536586","0.8070913461538461","0.8070913461538461","0.8070913461538461"
"220","0.7765925480769231","0.7765925480769231","0.7765925480769231","0.7309945913461539","0.7309945913461539","0.7309945913461539","0.843432418699187","0.843432418699187","0.843432418699187","0.8047876602564102","0.8047876602564102","0.8047876602564102"
"221","0.7799729567307692","0.7799729567307692","0.7799729567307692","0.7302433894230769","0.7302433894230769","0.7302433894230769","0.8470528455284553","0.8470528455284553","0.8470528455284553","0.809344951923077","0.809344951923077","0.809344951923077"
"222","0.7774939903846154","0.7774939903846154","0.7774939903846154","0.7273137019230769","0.7273137019230769","0.7273137019230769","0.8497364075203252","0.8497364075203252","0.8497364075203252","0.8057642227564102","0.8057642227564102","0.8057642227564102"
"223","0.7799729567307692","0.7799729567307692","0.7799729567307692","0.732421875","0.732421875","0.732421875","0.8427019817073171","0.8427019817073171","0.8427019817073171","0.7963241185897436","0.7963241185897436","0.7963241185897436"
"224","0.7864332932692308","0.7864332932692308","0.7864332932692308","0.7302433894230769","0.7302433894230769","0.7302433894230769","0.8464811991869919","0.8464811991869919","0.8464811991869919","0.8070663060897436","0.8070663060897436","0.8070663060897436"
"225","0.7762920673076923","0.7762920673076923","0.7762920673076923","0.7346003605769231","0.7346003605769231","0.7346003605769231","0.8423367632113821","0.8423367632113821","0.8423367632113821","0.8021834935897436","0.8021834935897436","0.8021834935897436"
"226","0.7794471153846154","0.7794471153846154","0.7794471153846154","0.7316706730769231","0.7316706730769231","0.7316706730769231","0.8529916158536586","0.8529916158536586","0.8529916158536586","0.8155048076923078","0.8155048076923078","0.8155048076923078"
"227","0.7775691105769231","0.7775691105769231","0.7775691105769231","0.7273137019230769","0.7273137019230769","0.7273137019230769","0.8456316692073171","0.8456316692073171","0.8456316692073171","0.8060897435897436","0.8060897435897436","0.8060897435897436"
"228","0.7774939903846154","0.7774939903846154","0.7774939903846154","0.7314453125","0.7314453125","0.7314453125","0.8490456681910569","0.8490456681910569","0.8490456681910569","0.814227764423077","0.814227764423077","0.814227764423077"
"229","0.7713341346153846","0.7713341346153846","0.7713341346153846","0.732421875","0.732421875","0.732421875","0.8438770325203252","0.8438770325203252","0.8438770325203252","0.8070663060897436","0.8070663060897436","0.8070663060897436"
"230","0.7771935096153846","0.7771935096153846","0.7771935096153846","0.73046875","0.73046875","0.73046875","0.8427019817073171","0.8427019817073171","0.8427019817073171","0.8213641826923078","0.8213641826923078","0.8213641826923078"
"231","0.7806490384615384","0.7806490384615384","0.7806490384615384","0.7241586538461539","0.7241586538461539","0.7241586538461539","0.8504271468495935","0.8504271468495935","0.8504271468495935","0.8178084935897436","0.8178084935897436","0.8178084935897436"
"232","0.7777193509615384","0.7777193509615384","0.7777193509615384","0.7270883413461539","0.7270883413461539","0.7270883413461539","0.8490933053861789","0.8490933053861789","0.8490933053861789","0.8067407852564102","0.8067407852564102","0.8067407852564102"
"233","0.7693058894230769","0.7693058894230769","0.7693058894230769","0.73046875","0.73046875","0.73046875","0.8485216590447154","0.8485216590447154","0.8485216590447154","0.807391826923077","0.807391826923077","0.807391826923077"
"234","0.7776442307692308","0.7776442307692308","0.7776442307692308","0.7314453125","0.7314453125","0.7314453125","0.8527057926829268","0.8527057926829268","0.8527057926829268","0.808368389423077","0.808368389423077","0.808368389423077"
"235","0.7756911057692308","0.7756911057692308","0.7756911057692308","0.7385066105769231","0.7385066105769231","0.7385066105769231","0.8497364075203252","0.8497364075203252","0.8497364075203252","0.810321514423077","0.810321514423077","0.810321514423077"
"236","0.7833533653846154","0.7833533653846154","0.7833533653846154","0.7338491586538461","0.7338491586538461","0.7338491586538461","0.8476641895325203","0.8476641895325203","0.8476641895325203","0.8178084935897436","0.8178084935897436","0.8178084935897436"
"237","0.7821514423076923","0.7821514423076923","0.7821514423076923","0.73046875","0.73046875","0.73046875","0.8457110645325203","0.8457110645325203","0.8457110645325203","0.8096704727564102","0.8096704727564102","0.8096704727564102"
"238","0.7778695913461539","0.7778695913461539","0.7778695913461539","0.7353515625","0.7353515625","0.7353515625","0.8543333968495935","0.8543333968495935","0.8543333968495935","0.812274639423077","0.812274639423077","0.812274639423077"
"239","0.7819260817307692","0.7819260817307692","0.7819260817307692","0.734375","0.734375","0.734375","0.8520626905487805","0.8520626905487805","0.8520626905487805","0.8077173477564102","0.8077173477564102","0.8077173477564102"
"240","0.7797475961538461","0.7797475961538461","0.7797475961538461","0.7314453125","0.7314453125","0.7314453125","0.8536823551829268","0.8536823551829268","0.8536823551829268","0.813251201923077","0.813251201923077","0.813251201923077"
"241","0.7814753605769231","0.7814753605769231","0.7814753605769231","0.7355769230769231","0.7355769230769231","0.7355769230769231","0.8518165650406505","0.8518165650406505","0.8518165650406505","0.8106470352564102","0.8106470352564102","0.8106470352564102"
"242","0.7744140625","0.7744140625","0.7744140625","0.7355769230769231","0.7355769230769231","0.7355769230769231","0.8533171366869919","0.8533171366869919","0.8533171366869919","0.8165064102564102","0.8165064102564102","0.8165064102564102"
"243","0.7735126201923077","0.7735126201923077","0.7735126201923077","0.7314453125","0.7314453125","0.7314453125","0.8460365853658537","0.8460365853658537","0.8460365853658537","0.806415264423077","0.806415264423077","0.806415264423077"
"244","0.7783203125","0.7783203125","0.7783203125","0.7346003605769231","0.7346003605769231","0.7346003605769231","0.8585651676829268","0.8585651676829268","0.8585651676829268","0.815204326923077","0.815204326923077","0.815204326923077"
"245","0.7755408653846154","0.7755408653846154","0.7755408653846154","0.7294921875","0.7294921875","0.7294921875","0.850268356199187","0.850268356199187","0.850268356199187","0.8200370592948718","0.8200370592948718","0.8200370592948718"
"246","0.7835787259615384","0.7835787259615384","0.7835787259615384","0.7314453125","0.7314453125","0.7314453125","0.8565326473577235","0.8565326473577235","0.8565326473577235","0.8099959935897436","0.8099959935897436","0.8099959935897436"
"247","0.7777944711538461","0.7777944711538461","0.7777944711538461","0.734375","0.734375","0.734375","0.8479500127032521","0.8479500127032521","0.8479500127032521","0.805438701923077","0.805438701923077","0.805438701923077"
"248","0.7881610576923077","0.7881610576923077","0.7881610576923077","0.7397085336538461","0.7397085336538461","0.7397085336538461","0.8438373348577235","0.8438373348577235","0.8438373348577235","0.820087139423077","0.820087139423077","0.820087139423077"
"249","0.7816256009615384","0.7816256009615384","0.7816256009615384","0.7375300480769231","0.7375300480769231","0.7375300480769231","0.8568581681910569","0.8568581681910569","0.8568581681910569","0.8165314503205128","0.8165314503205128","0.8165314503205128"
"250","0.7753155048076923","0.7753155048076923","0.7753155048076923","0.7314453125","0.7314453125","0.7314453125","0.8584460746951219","0.8584460746951219","0.8584460746951219","0.8122495993589745","0.8122495993589745","0.8122495993589745"
"251","0.7792217548076923","0.7792217548076923","0.7792217548076923","0.7436147836538461","0.7436147836538461","0.7436147836538461","0.8555163871951219","0.8555163871951219","0.8555163871951219","0.817157451923077","0.817157451923077","0.817157451923077"
"252","0.7868088942307692","0.7868088942307692","0.7868088942307692","0.7333984375","0.7333984375","0.7333984375","0.8568184705284553","0.8568184705284553","0.8568184705284553","0.8148788060897436","0.8148788060897436","0.8148788060897436"
"253","0.7798978365384616","0.7798978365384616","0.7798978365384616","0.724609375","0.724609375","0.724609375","0.8539681783536586","0.8539681783536586","0.8539681783536586","0.8217147435897436","0.8217147435897436","0.8217147435897436"
"254","0.7891376201923077","0.7891376201923077","0.7891376201923077","0.7397085336538461","0.7397085336538461","0.7397085336538461","0.8519356580284553","0.8519356580284553","0.8519356580284553","0.8109725560897436","0.8109725560897436","0.8109725560897436"
"255","0.7783203125","0.7783203125","0.7783203125","0.7348257211538461","0.7348257211538461","0.7348257211538461","0.8568978658536586","0.8568978658536586","0.8568978658536586","0.8129256810897436","0.8129256810897436","0.8129256810897436"
"256","0.7771935096153846","0.7771935096153846","0.7771935096153846","0.73046875","0.73046875","0.73046875","0.8489662728658537","0.8489662728658537","0.8489662728658537","0.8119491185897436","0.8119491185897436","0.8119491185897436"
"257","0.7784705528846154","0.7784705528846154","0.7784705528846154","0.7314453125","0.7314453125","0.7314453125","0.8493711890243901","0.8493711890243901","0.8493711890243901","0.8174829727564102","0.8174829727564102","0.8174829727564102"
"258","0.7811748798076923","0.7811748798076923","0.7811748798076923","0.7385066105769231","0.7385066105769231","0.7385066105769231","0.8483946265243901","0.8483946265243901","0.8483946265243901","0.8210386618589745","0.8210386618589745","0.8210386618589745"
"259","0.7927433894230769","0.7927433894230769","0.7927433894230769","0.7406850961538461","0.7406850961538461","0.7406850961538461","0.8534838668699187","0.8534838668699187","0.8534838668699187","0.8207381810897436","0.8207381810897436","0.8207381810897436"
"260","0.7930438701923077","0.7930438701923077","0.7930438701923077","0.7484975961538461","0.7484975961538461","0.7484975961538461","0.8574298145325203","0.8574298145325203","0.8574298145325203","0.8109725560897436","0.8109725560897436","0.8109725560897436"
"261","0.77734375","0.77734375","0.77734375","0.732421875","0.732421875","0.732421875","0.8536823551829268","0.8536823551829268","0.8536823551829268","0.810321514423077","0.810321514423077","0.810321514423077"
"262","0.7798978365384616","0.7798978365384616","0.7798978365384616","0.7302433894230769","0.7302433894230769","0.7302433894230769","0.856127731199187","0.856127731199187","0.856127731199187","0.819110576923077","0.819110576923077","0.819110576923077"
"263","0.7875600961538461","0.7875600961538461","0.7875600961538461","0.734375","0.734375","0.734375","0.8564929496951219","0.8564929496951219","0.8564929496951219","0.808368389423077","0.808368389423077","0.808368389423077"
"264","0.7774188701923077","0.7774188701923077","0.7774188701923077","0.728515625","0.728515625","0.728515625","0.8594226371951219","0.8594226371951219","0.8594226371951219","0.8158553685897436","0.8158553685897436","0.8158553685897436"
"265","0.7785456730769231","0.7785456730769231","0.7785456730769231","0.7294921875","0.7294921875","0.7294921875","0.8571439913617885","0.8571439913617885","0.8571439913617885","0.813251201923077","0.813251201923077","0.813251201923077"
"266","0.7870342548076923","0.7870342548076923","0.7870342548076923","0.732421875","0.732421875","0.732421875","0.8544604293699187","0.8544604293699187","0.8544604293699187","0.8086939102564102","0.8086939102564102","0.8086939102564102"
"267","0.7887620192307692","0.7887620192307692","0.7887620192307692","0.7346003605769231","0.7346003605769231","0.7346003605769231","0.8567787728658537","0.8567787728658537","0.8567787728658537","0.811298076923077","0.811298076923077","0.811298076923077"
"268","0.7857572115384616","0.7857572115384616","0.7857572115384616","0.7333984375","0.7333984375","0.7333984375","0.8608438135162602","0.8608438135162602","0.8608438135162602","0.8213892227564102","0.8213892227564102","0.8213892227564102"
"269","0.7790715144230769","0.7790715144230769","0.7790715144230769","0.7438401442307692","0.7438401442307692","0.7438401442307692","0.8568184705284553","0.8568184705284553","0.8568184705284553","0.8148537660256411","0.8148537660256411","0.8148537660256411"
"270","0.7832782451923077","0.7832782451923077","0.7832782451923077","0.732421875","0.732421875","0.732421875","0.8575489075203252","0.8575489075203252","0.8575489075203252","0.805438701923077","0.805438701923077","0.805438701923077"
"271","0.7868088942307692","0.7868088942307692","0.7868088942307692","0.7321965144230769","0.7321965144230769","0.7321965144230769","0.8581205538617885","0.8581205538617885","0.8581205538617885","0.8119491185897436","0.8119491185897436","0.8119491185897436"
"272","0.7901893028846154","0.7901893028846154","0.7901893028846154","0.73828125","0.73828125","0.73828125","0.854174606199187","0.854174606199187","0.854174606199187","0.809344951923077","0.809344951923077","0.809344951923077"
"273","0.7944711538461539","0.7944711538461539","0.7944711538461539","0.7406850961538461","0.7406850961538461","0.7406850961538461","0.8520547510162602","0.8520547510162602","0.8520547510162602","0.8067407852564102","0.8067407852564102","0.8067407852564102"
"274","0.7796724759615384","0.7796724759615384","0.7796724759615384","0.7306941105769231","0.7306941105769231","0.7306941105769231","0.8559213033536586","0.8559213033536586","0.8559213033536586","0.813251201923077","0.813251201923077","0.813251201923077"
"275","0.7896634615384616","0.7896634615384616","0.7896634615384616","0.732421875","0.732421875","0.732421875","0.8583269817073171","0.8583269817073171","0.8583269817073171","0.8161558493589745","0.8161558493589745","0.8161558493589745"
"276","0.7835036057692308","0.7835036057692308","0.7835036057692308","0.7263371394230769","0.7263371394230769","0.7263371394230769","0.8657663236788617","0.8657663236788617","0.8657663236788617","0.816180889423077","0.816180889423077","0.816180889423077"
"277","0.7809495192307692","0.7809495192307692","0.7809495192307692","0.7353515625","0.7353515625","0.7353515625","0.8584063770325203","0.8584063770325203","0.8584063770325203","0.816180889423077","0.816180889423077","0.816180889423077"
"278","0.7786959134615384","0.7786959134615384","0.7786959134615384","0.732421875","0.732421875","0.732421875","0.8532377413617885","0.8532377413617885","0.8532377413617885","0.810321514423077","0.810321514423077","0.810321514423077"
"279","0.7789212740384616","0.7789212740384616","0.7789212740384616","0.7326472355769231","0.7326472355769231","0.7326472355769231","0.8577156377032521","0.8577156377032521","0.8577156377032521","0.8126001602564102","0.8126001602564102","0.8126001602564102"
"280","0.7787710336538461","0.7787710336538461","0.7787710336538461","0.7333984375","0.7333984375","0.7333984375","0.8578744283536586","0.8578744283536586","0.8578744283536586","0.813251201923077","0.813251201923077","0.813251201923077"
"281","0.7886868990384616","0.7886868990384616","0.7886868990384616","0.7321965144230769","0.7321965144230769","0.7321965144230769","0.8657266260162602","0.8657266260162602","0.8657266260162602","0.8203876201923078","0.8203876201923078","0.8203876201923078"
"282","0.7807241586538461","0.7807241586538461","0.7807241586538461","0.7255859375","0.7255859375","0.7255859375","0.8556354801829268","0.8556354801829268","0.8556354801829268","0.8028345352564102","0.8028345352564102","0.8028345352564102"
"283","0.7901893028846154","0.7901893028846154","0.7901893028846154","0.7392578125","0.7392578125","0.7392578125","0.8610502413617885","0.8610502413617885","0.8610502413617885","0.803485576923077","0.803485576923077","0.803485576923077"
"284","0.7877103365384616","0.7877103365384616","0.7877103365384616","0.7353515625","0.7353515625","0.7353515625","0.8558816056910569","0.8558816056910569","0.8558816056910569","0.814227764423077","0.814227764423077","0.814227764423077"
"285","0.7777944711538461","0.7777944711538461","0.7777944711538461","0.7341496394230769","0.7341496394230769","0.7341496394230769","0.8578347306910569","0.8578347306910569","0.8578347306910569","0.8168068910256411","0.8168068910256411","0.8168068910256411"
"286","0.7888371394230769","0.7888371394230769","0.7888371394230769","0.7390324519230769","0.7390324519230769","0.7390324519230769","0.8634479801829268","0.8634479801829268","0.8634479801829268","0.811298076923077","0.811298076923077","0.811298076923077"
"287","0.7814002403846154","0.7814002403846154","0.7814002403846154","0.7341496394230769","0.7341496394230769","0.7341496394230769","0.8605182926829268","0.8605182926829268","0.8605182926829268","0.804462139423077","0.804462139423077","0.804462139423077"
"288","0.7985276442307692","0.7985276442307692","0.7985276442307692","0.7399338942307692","0.7399338942307692","0.7399338942307692","0.8641387195121951","0.8641387195121951","0.8641387195121951","0.8158553685897436","0.8158553685897436","0.8158553685897436"
"289","0.7928936298076923","0.7928936298076923","0.7928936298076923","0.7348257211538461","0.7348257211538461","0.7348257211538461","0.8544604293699187","0.8544604293699187","0.8544604293699187","0.8165064102564102","0.8165064102564102","0.8165064102564102"
"290","0.7744891826923077","0.7744891826923077","0.7744891826923077","0.7351262019230769","0.7351262019230769","0.7351262019230769","0.8620665015243901","0.8620665015243901","0.8620665015243901","0.8145282451923078","0.8145282451923078","0.8145282451923078"
"291","0.7858323317307692","0.7858323317307692","0.7858323317307692","0.7375300480769231","0.7375300480769231","0.7375300480769231","0.8684498856707318","0.8684498856707318","0.8684498856707318","0.8148537660256411","0.8148537660256411","0.8148537660256411"
"292","0.7762920673076923","0.7762920673076923","0.7762920673076923","0.7353515625","0.7353515625","0.7353515625","0.8632018546747968","0.8632018546747968","0.8632018546747968","0.8099959935897436","0.8099959935897436","0.8099959935897436"
"293","0.7884615384615384","0.7884615384615384","0.7884615384615384","0.7426382211538461","0.7426382211538461","0.7426382211538461","0.8528328252032521","0.8528328252032521","0.8528328252032521","0.8210386618589745","0.8210386618589745","0.8210386618589745"
"294","0.7816256009615384","0.7816256009615384","0.7816256009615384","0.7453425480769231","0.7453425480769231","0.7453425480769231","0.8599069486788617","0.8599069486788617","0.8599069486788617","0.8086939102564102","0.8086939102564102","0.8086939102564102"
"295","0.7858323317307692","0.7858323317307692","0.7858323317307692","0.7331730769230769","0.7331730769230769","0.7331730769230769","0.855151168699187","0.855151168699187","0.855151168699187","0.812274639423077","0.812274639423077","0.812274639423077"
"296","0.7835036057692308","0.7835036057692308","0.7835036057692308","0.7333984375","0.7333984375","0.7333984375","0.8606453252032521","0.8606453252032521","0.8606453252032521","0.8275240384615384","0.8275240384615384","0.8275240384615384"
"297","0.7850811298076923","0.7850811298076923","0.7850811298076923","0.7355769230769231","0.7355769230769231","0.7355769230769231","0.8690612296747968","0.8690612296747968","0.8690612296747968","0.8125751201923078","0.8125751201923078","0.8125751201923078"
"298","0.7801231971153846","0.7801231971153846","0.7801231971153846","0.7294921875","0.7294921875","0.7294921875","0.8579538236788617","0.8579538236788617","0.8579538236788617","0.8096454326923078","0.8096454326923078","0.8096454326923078"
"299","0.7816256009615384","0.7816256009615384","0.7816256009615384","0.7433894230769231","0.7433894230769231","0.7433894230769231","0.854174606199187","0.854174606199187","0.854174606199187","0.8148537660256411","0.8148537660256411","0.8148537660256411"
"300","0.7901893028846154","0.7901893028846154","0.7901893028846154","0.7445913461538461","0.7445913461538461","0.7445913461538461","0.8561674288617885","0.8561674288617885","0.8561674288617885","0.8246193910256411","0.8246193910256411","0.8246193910256411"
"301","0.7901141826923077","0.7901141826923077","0.7901141826923077","0.7294921875","0.7294921875","0.7294921875","0.8658060213414634","0.8658060213414634","0.8658060213414634","0.8239433092948718","0.8239433092948718","0.8239433092948718"