"Step","4l4h32-agtt-zinc - train/loss","4l4h32-agtt-zinc - train/loss__MIN","4l4h32-agtt-zinc - train/loss__MAX","4l4h32-agtt-zinc - val/loss","4l4h32-agtt-zinc - val/loss__MIN","4l4h32-agtt-zinc - val/loss__MAX","2l4h16-ibtt-zinc - train/loss","2l4h16-ibtt-zinc - train/loss__MIN","2l4h16-ibtt-zinc - train/loss__MAX","2l4h16-ibtt-zinc - val/loss","2l4h16-ibtt-zinc - val/loss__MIN","2l4h16-ibtt-zinc - val/loss__MAX","4l4h32-gps-zinc - train/loss","4l4h32-gps-zinc - train/loss__MIN","4l4h32-gps-zinc - train/loss__MAX","4l4h32-gps-zinc - val/loss","4l4h32-gps-zinc - val/loss__MIN","4l4h32-gps-zinc - val/loss__MAX","5l64-mpnn-zinc - train/loss","5l64-mpnn-zinc - train/loss__MIN","5l64-mpnn-zinc - train/loss__MAX","5l64-mpnn-zinc - val/loss","5l64-mpnn-zinc - val/loss__MIN","5l64-mpnn-zinc - val/loss__MAX"
"1","1.1644870035256012","1.1644870035256012","1.1644870035256012","1.417584091424942","1.417584091424942","1.417584091424942","1.0482834056962895","1.0482834056962895","1.0482834056962895","1.0076395720243454","1.0076395720243454","1.0076395720243454","","","","","","","1.0380658514891998","1.0380658514891998","1.0380658514891998","1.0320441722869873","1.0320441722869873","1.0320441722869873"
"2","0.9754254802872863","0.9754254802872863","0.9754254802872863","1.2165488600730896","1.2165488600730896","1.2165488600730896","1.0075653187836273","1.0075653187836273","1.0075653187836273","0.8869733512401581","0.8869733512401581","0.8869733512401581","1.4563415910624251","1.4563415910624251","1.4563415910624251","1.433367058634758","1.433367058634758","1.433367058634758","0.858672338195994","0.858672338195994","0.858672338195994","0.8100812435150146","0.8100812435150146","0.8100812435150146"
"3","0.8899151396147812","0.8899151396147812","0.8899151396147812","0.8711163997650146","0.8711163997650146","0.8711163997650146","0.8519300494012954","0.8519300494012954","0.8519300494012954","0.9889650121331215","0.9889650121331215","0.9889650121331215","1.236553745933726","1.236553745933726","1.236553745933726","1.1121144741773605","1.1121144741773605","1.1121144741773605","0.7920925187159188","0.7920925187159188","0.7920925187159188","0.7270452752709389","0.7270452752709389","0.7270452752709389"
"4","0.8289121034779127","0.8289121034779127","0.8289121034779127","0.8139996156096458","0.8139996156096458","0.8139996156096458","0.7826287218287021","0.7826287218287021","0.7826287218287021","0.7285004332661629","0.7285004332661629","0.7285004332661629","0.963097567045236","0.963097567045236","0.963097567045236","1.1601541563868523","1.1601541563868523","1.1601541563868523","0.7719923363456244","0.7719923363456244","0.7719923363456244","0.6914971321821213","0.6914971321821213","0.6914971321821213"
"5","0.8255388985706281","0.8255388985706281","0.8255388985706281","0.8645935580134392","0.8645935580134392","0.8645935580134392","0.7711680667309821","0.7711680667309821","0.7711680667309821","0.685985766351223","0.685985766351223","0.685985766351223","0.8754168718676024","0.8754168718676024","0.8754168718676024","1.1151419878005981","1.1151419878005981","1.1151419878005981","0.7306758980207806","0.7306758980207806","0.7306758980207806","0.6829038336873055","0.6829038336873055","0.6829038336873055"
"6","0.8251071489309962","0.8251071489309962","0.8251071489309962","0.7744357660412788","0.7744357660412788","0.7744357660412788","0.7422626682474643","0.7422626682474643","0.7422626682474643","0.700537882745266","0.700537882745266","0.700537882745266","0.8351054274583165","0.8351054274583165","0.8351054274583165","1.0024076327681541","1.0024076327681541","1.0024076327681541","0.7076359636421445","0.7076359636421445","0.7076359636421445","0.7672237083315849","0.7672237083315849","0.7672237083315849"
"7","0.7948533281495299","0.7948533281495299","0.7948533281495299","0.7997738644480705","0.7997738644480705","0.7997738644480705","0.7347918552688405","0.7347918552688405","0.7347918552688405","0.6892033889889717","0.6892033889889717","0.6892033889889717","0.7805322257778312","0.7805322257778312","0.7805322257778312","0.8675190657377243","0.8675190657377243","0.8675190657377243","0.695947960207734","0.695947960207734","0.695947960207734","0.670966275036335","0.670966275036335","0.670966275036335"
"8","0.8076389673389966","0.8076389673389966","0.8076389673389966","0.8808043599128723","0.8808043599128723","0.8808043599128723","0.704936812950086","0.704936812950086","0.704936812950086","0.7229915112257004","0.7229915112257004","0.7229915112257004","0.7338532729993893","0.7338532729993893","0.7338532729993893","1.1718883216381073","1.1718883216381073","1.1718883216381073","0.681675244735766","0.681675244735766","0.681675244735766","0.6997231990098953","0.6997231990098953","0.6997231990098953"
"9","0.8009428019765057","0.8009428019765057","0.8009428019765057","0.7593299597501755","0.7593299597501755","0.7593299597501755","0.6880906103532526","0.6880906103532526","0.6880906103532526","0.7143230885267258","0.7143230885267258","0.7143230885267258","0.7157097149498856","0.7157097149498856","0.7157097149498856","1.0288100019097328","1.0288100019097328","1.0288100019097328","0.6720498083512995","0.6720498083512995","0.6720498083512995","0.6517424359917641","0.6517424359917641","0.6517424359917641"
"10","0.790516920482056","0.790516920482056","0.790516920482056","0.96998580545187","0.96998580545187","0.96998580545187","0.6795699785027323","0.6795699785027323","0.6795699785027323","0.6673213839530945","0.6673213839530945","0.6673213839530945","0.675046747243857","0.675046747243857","0.675046747243857","0.8251519501209259","0.8251519501209259","0.8251519501209259","0.6673145667661594","0.6673145667661594","0.6673145667661594","0.6257301419973373","0.6257301419973373","0.6257301419973373"
"11","0.8194573778140394","0.8194573778140394","0.8194573778140394","0.7705228850245476","0.7705228850245476","0.7705228850245476","0.6651681752144536","0.6651681752144536","0.6651681752144536","0.6496449038386345","0.6496449038386345","0.6496449038386345","0.6682761960391757","0.6682761960391757","0.6682761960391757","0.9668935164809227","0.9668935164809227","0.9668935164809227","0.6538311129883875","0.6538311129883875","0.6538311129883875","0.6571468338370323","0.6571468338370323","0.6571468338370323"
"12","0.8017471055441265","0.8017471055441265","0.8017471055441265","0.8298918828368187","0.8298918828368187","0.8298918828368187","0.6641073294832737","0.6641073294832737","0.6641073294832737","0.6673545613884926","0.6673545613884926","0.6673545613884926","0.6408521174630032","0.6408521174630032","0.6408521174630032","0.9260609671473503","0.9260609671473503","0.9260609671473503","0.647678595177735","0.647678595177735","0.647678595177735","0.6486914530396461","0.6486914530396461","0.6486914530396461"
"13","0.7570001150988326","0.7570001150988326","0.7570001150988326","0.7705666124820709","0.7705666124820709","0.7705666124820709","0.6529088495652887","0.6529088495652887","0.6529088495652887","0.6623562797904015","0.6623562797904015","0.6623562797904015","0.6320288837710514","0.6320288837710514","0.6320288837710514","0.7482126802206039","0.7482126802206039","0.7482126802206039","0.6308624495433856","0.6308624495433856","0.6308624495433856","0.623217836022377","0.623217836022377","0.623217836022377"
"14","0.7725430885447732","0.7725430885447732","0.7725430885447732","0.8540987521409988","0.8540987521409988","0.8540987521409988","0.6472144628627391","0.6472144628627391","0.6472144628627391","0.6603377759456635","0.6603377759456635","0.6603377759456635","0.62674599018278","0.62674599018278","0.62674599018278","0.8020811975002289","0.8020811975002289","0.8020811975002289","0.6223188533058649","0.6223188533058649","0.6223188533058649","0.5713891796767712","0.5713891796767712","0.5713891796767712"
"15","0.7447281683547587","0.7447281683547587","0.7447281683547587","0.8829441368579865","0.8829441368579865","0.8829441368579865","0.6658277338064169","0.6658277338064169","0.6658277338064169","0.640152208507061","0.640152208507061","0.640152208507061","0.606180640715587","0.606180640715587","0.606180640715587","0.7120487689971924","0.7120487689971924","0.7120487689971924","0.6244735763042788","0.6244735763042788","0.6244735763042788","0.6089650094509125","0.6089650094509125","0.6089650094509125"
"16","0.7849742792829683","0.7849742792829683","0.7849742792829683","0.7266630306839943","0.7266630306839943","0.7266630306839943","0.6423856744283363","0.6423856744283363","0.6423856744283363","0.6284477263689041","0.6284477263689041","0.6284477263689041","0.5890958988213841","0.5890958988213841","0.5890958988213841","0.7609483003616333","0.7609483003616333","0.7609483003616333","0.6185612648348265","0.6185612648348265","0.6185612648348265","0.6776187866926193","0.6776187866926193","0.6776187866926193"
"17","0.738446907529348","0.738446907529348","0.738446907529348","0.7279724776744843","0.7279724776744843","0.7279724776744843","0.6491253651395629","0.6491253651395629","0.6491253651395629","0.6663497537374496","0.6663497537374496","0.6663497537374496","0.571158636974383","0.571158636974383","0.571158636974383","0.760860800743103","0.760860800743103","0.760860800743103","0.6051118505906455","0.6051118505906455","0.6051118505906455","0.6080325245857239","0.6080325245857239","0.6080325245857239"
"18","0.72727598721468","0.72727598721468","0.72727598721468","0.7157071828842163","0.7157071828842163","0.7157071828842163","0.6566525248787071","0.6566525248787071","0.6566525248787071","0.6562863737344742","0.6562863737344742","0.6562863737344742","0.5641587086116211","0.5641587086116211","0.5641587086116211","0.8200117275118828","0.8200117275118828","0.8200117275118828","0.6085096891922287","0.6085096891922287","0.6085096891922287","0.5919069983065128","0.5919069983065128","0.5919069983065128"
"19","0.7509490259086029","0.7509490259086029","0.7509490259086029","0.7137189507484436","0.7137189507484436","0.7137189507484436","0.6632414663894267","0.6632414663894267","0.6632414663894267","0.6487432196736336","0.6487432196736336","0.6487432196736336","0.5613276437868046","0.5613276437868046","0.5613276437868046","0.8465275764465332","0.8465275764465332","0.8465275764465332","0.5955952866167962","0.5955952866167962","0.5955952866167962","0.6033092811703682","0.6033092811703682","0.6033092811703682"
"20","0.7468142592454259","0.7468142592454259","0.7468142592454259","0.7811973914504051","0.7811973914504051","0.7811973914504051","0.6351342295544057","0.6351342295544057","0.6351342295544057","0.673461563885212","0.673461563885212","0.673461563885212","0.5567062157618848","0.5567062157618848","0.5567062157618848","0.7485511526465416","0.7485511526465416","0.7485511526465416","0.6041646539410458","0.6041646539410458","0.6041646539410458","0.5868197195231915","0.5868197195231915","0.5868197195231915"
"21","0.7378491246247594","0.7378491246247594","0.7378491246247594","0.7055995613336563","0.7055995613336563","0.7055995613336563","0.6390053607240508","0.6390053607240508","0.6390053607240508","0.6405491828918457","0.6405491828918457","0.6405491828918457","0.5468845182581793","0.5468845182581793","0.5468845182581793","0.6387468129396439","0.6387468129396439","0.6387468129396439","0.6013494066045254","0.6013494066045254","0.6013494066045254","0.5676460079848766","0.5676460079848766","0.5676460079848766"
"22","0.7042791500121732","0.7042791500121732","0.7042791500121732","0.6879188269376755","0.6879188269376755","0.6879188269376755","0.6308805508704125","0.6308805508704125","0.6308805508704125","0.6470799595117569","0.6470799595117569","0.6470799595117569","0.5357863163646264","0.5357863163646264","0.5357863163646264","0.6287937760353088","0.6287937760353088","0.6287937760353088","0.5976054962677292","0.5976054962677292","0.5976054962677292","0.5611642077565193","0.5611642077565193","0.5611642077565193"
"23","0.7298450583144079","0.7298450583144079","0.7298450583144079","0.6822442561388016","0.6822442561388016","0.6822442561388016","0.6263815617259545","0.6263815617259545","0.6263815617259545","0.6348549276590347","0.6348549276590347","0.6348549276590347","0.542169151049626","0.542169151049626","0.542169151049626","0.6204677596688271","0.6204677596688271","0.6204677596688271","0.5927823600889761","0.5927823600889761","0.5927823600889761","0.5505327805876732","0.5505327805876732","0.5505327805876732"
"24","0.7432418699505963","0.7432418699505963","0.7432418699505963","0.66633640229702","0.66633640229702","0.66633640229702","0.6251301603226722","0.6251301603226722","0.6251301603226722","0.6438275873661041","0.6438275873661041","0.6438275873661041","0.5393532586248615","0.5393532586248615","0.5393532586248615","0.7487447410821915","0.7487447410821915","0.7487447410821915","0.5820933421955833","0.5820933421955833","0.5820933421955833","0.5657149404287338","0.5657149404287338","0.5657149404287338"
"25","0.7649943579601336","0.7649943579601336","0.7649943579601336","0.7406282499432564","0.7406282499432564","0.7406282499432564","0.6222558462921577","0.6222558462921577","0.6222558462921577","0.639858067035675","0.639858067035675","0.639858067035675","0.5325938070876689","0.5325938070876689","0.5325938070876689","0.6614958643913269","0.6614958643913269","0.6614958643913269","0.5815725235999385","0.5815725235999385","0.5815725235999385","0.5971350073814392","0.5971350073814392","0.5971350073814392"
"26","0.7429973633983468","0.7429973633983468","0.7429973633983468","0.7778908535838127","0.7778908535838127","0.7778908535838127","0.6425522362129598","0.6425522362129598","0.6425522362129598","0.6296543404459953","0.6296543404459953","0.6296543404459953","0.5293260835394075","0.5293260835394075","0.5293260835394075","0.5935501754283905","0.5935501754283905","0.5935501754283905","0.578929566507098","0.578929566507098","0.578929566507098","0.5670054256916046","0.5670054256916046","0.5670054256916046"
"27","0.7238479626329639","0.7238479626329639","0.7238479626329639","0.7431954070925713","0.7431954070925713","0.7431954070925713","0.628139361927781","0.628139361927781","0.628139361927781","0.6378122121095657","0.6378122121095657","0.6378122121095657","0.5206766441653047","0.5206766441653047","0.5206766441653047","0.5737109109759331","0.5737109109759331","0.5737109109759331","0.5815806449214115","0.5815806449214115","0.5815806449214115","0.6379283890128136","0.6379283890128136","0.6379283890128136"
"28","0.7062679057634329","0.7062679057634329","0.7062679057634329","0.7217470109462738","0.7217470109462738","0.7217470109462738","0.6283238058603262","0.6283238058603262","0.6283238058603262","0.6252453625202179","0.6252453625202179","0.6252453625202179","0.5293877509575856","0.5293877509575856","0.5293877509575856","0.5492822639644146","0.5492822639644146","0.5492822639644146","0.5708665844005875","0.5708665844005875","0.5708665844005875","0.6438348218798637","0.6438348218798637","0.6438348218798637"
"29","0.7351102270657504","0.7351102270657504","0.7351102270657504","1.1421889513731003","1.1421889513731003","1.1421889513731003","0.613900447570825","0.613900447570825","0.613900447570825","0.6386010348796844","0.6386010348796844","0.6386010348796844","0.5100755140751223","0.5100755140751223","0.5100755140751223","0.5630265101790428","0.5630265101790428","0.5630265101790428","0.5804083894325208","0.5804083894325208","0.5804083894325208","0.5304568223655224","0.5304568223655224","0.5304568223655224"
"30","0.7340806835814367","0.7340806835814367","0.7340806835814367","0.6586142927408218","0.6586142927408218","0.6586142927408218","0.6169295250614987","0.6169295250614987","0.6169295250614987","0.6431549489498138","0.6431549489498138","0.6431549489498138","0.5046516253223902","0.5046516253223902","0.5046516253223902","0.5982659831643105","0.5982659831643105","0.5982659831643105","0.5722847584682175","0.5722847584682175","0.5722847584682175","0.5368997678160667","0.5368997678160667","0.5368997678160667"
"31","0.6987419505662555","0.6987419505662555","0.6987419505662555","0.7204550057649612","0.7204550057649612","0.7204550057649612","0.6141659013832672","0.6141659013832672","0.6141659013832672","0.6289623975753784","0.6289623975753784","0.6289623975753784","0.5066582613353487","0.5066582613353487","0.5066582613353487","0.5865054465830326","0.5865054465830326","0.5865054465830326","0.5645543106749088","0.5645543106749088","0.5645543106749088","0.5526538044214249","0.5526538044214249","0.5526538044214249"
"32","0.7067223500601852","0.7067223500601852","0.7067223500601852","0.6579757332801819","0.6579757332801819","0.6579757332801819","0.6171626233601872","0.6171626233601872","0.6171626233601872","0.63299111276865","0.63299111276865","0.63299111276865","0.5012424188324168","0.5012424188324168","0.5012424188324168","0.5893466919660568","0.5893466919660568","0.5893466919660568","0.559701945208296","0.559701945208296","0.559701945208296","0.632657453417778","0.632657453417778","0.632657453417778"
"33","0.6979858995992926","0.6979858995992926","0.6979858995992926","0.7502699047327042","0.7502699047327042","0.7502699047327042","0.6121287176126167","0.6121287176126167","0.6121287176126167","0.6316250190138817","0.6316250190138817","0.6316250190138817","0.5005775109122071","0.5005775109122071","0.5005775109122071","0.6606922745704651","0.6606922745704651","0.6606922745704651","0.562220266348199","0.562220266348199","0.562220266348199","0.5509607903659344","0.5509607903659344","0.5509607903659344"
"34","0.7178500871869582","0.7178500871869582","0.7178500871869582","0.8294306993484497","0.8294306993484497","0.8294306993484497","0.6289307739161238","0.6289307739161238","0.6289307739161238","0.6379606202244759","0.6379606202244759","0.6379606202244759","0.4890963770920717","0.4890963770920717","0.4890963770920717","0.511873934417963","0.511873934417963","0.511873934417963","0.5539370971389964","0.5539370971389964","0.5539370971389964","0.5657495744526386","0.5657495744526386","0.5657495744526386"
"35","0.7140704280213465","0.7140704280213465","0.7140704280213465","0.7130148783326149","0.7130148783326149","0.7130148783326149","0.6127355215670187","0.6127355215670187","0.6127355215670187","0.640397734940052","0.640397734940052","0.640397734940052","0.4888216543801223","0.4888216543801223","0.4888216543801223","0.7012341022491455","0.7012341022491455","0.7012341022491455","0.5489147090459172","0.5489147090459172","0.5489147090459172","0.5773113965988159","0.5773113965988159","0.5773113965988159"
"36","0.6822287659101849","0.6822287659101849","0.6822287659101849","0.8061036691069603","0.8061036691069603","0.8061036691069603","0.6156327543379385","0.6156327543379385","0.6156327543379385","0.6214600279927254","0.6214600279927254","0.6214600279927254","0.485698778418046","0.485698778418046","0.485698778418046","0.5707973837852478","0.5707973837852478","0.5707973837852478","0.5568424289739584","0.5568424289739584","0.5568424289739584","0.5359579250216484","0.5359579250216484","0.5359579250216484"
"37","0.6975450266765643","0.6975450266765643","0.6975450266765643","0.7241926342248917","0.7241926342248917","0.7241926342248917","0.6114529080783264","0.6114529080783264","0.6114529080783264","0.6282251626253128","0.6282251626253128","0.6282251626253128","0.48222742842722544","0.48222742842722544","0.48222742842722544","0.6097455248236656","0.6097455248236656","0.6097455248236656","0.5635637410833866","0.5635637410833866","0.5635637410833866","0.5292508192360401","0.5292508192360401","0.5292508192360401"
"38","0.6861320258695868","0.6861320258695868","0.6861320258695868","0.7756346166133881","0.7756346166133881","0.7756346166133881","0.6046204201028317","0.6046204201028317","0.6046204201028317","0.6360075995326042","0.6360075995326042","0.6360075995326042","0.4762839124172549","0.4762839124172549","0.4762839124172549","0.5635745711624622","0.5635745711624622","0.5635745711624622","0.553343119123314","0.553343119123314","0.553343119123314","0.5649729780852795","0.5649729780852795","0.5649729780852795"
"39","0.7185506435889232","0.7185506435889232","0.7185506435889232","0.6848259791731834","0.6848259791731834","0.6848259791731834","0.6089225305786615","0.6089225305786615","0.6089225305786615","0.6200170069932938","0.6200170069932938","0.6200170069932938","0.4819659900061692","0.4819659900061692","0.4819659900061692","0.5409269742667675","0.5409269742667675","0.5409269742667675","0.539665655999244","0.539665655999244","0.539665655999244","0.5533688850700855","0.5533688850700855","0.5533688850700855"
"40","0.67779810594607","0.67779810594607","0.67779810594607","0.6835575103759766","0.6835575103759766","0.6835575103759766","0.6027000240887268","0.6027000240887268","0.6027000240887268","0.6382423266768456","0.6382423266768456","0.6382423266768456","0.49324783230129676","0.49324783230129676","0.49324783230129676","0.6049541980028152","0.6049541980028152","0.6049541980028152","0.5456922307044645","0.5456922307044645","0.5456922307044645","0.5363769046962261","0.5363769046962261","0.5363769046962261"
"41","0.6717134910293773","0.6717134910293773","0.6717134910293773","0.6596144363284111","0.6596144363284111","0.6596144363284111","0.6182390613646447","0.6182390613646447","0.6182390613646447","0.7047954723238945","0.7047954723238945","0.7047954723238945","0.4664849389957476","0.4664849389957476","0.4664849389957476","0.6160719692707062","0.6160719692707062","0.6160719692707062","0.5449516629870934","0.5449516629870934","0.5449516629870934","0.5269968286156654","0.5269968286156654","0.5269968286156654"
"42","0.6859807900235623","0.6859807900235623","0.6859807900235623","0.8779063075780869","0.8779063075780869","0.8779063075780869","0.6108004684689678","0.6108004684689678","0.6108004684689678","0.6331951022148132","0.6331951022148132","0.6331951022148132","0.47496709114388574","0.47496709114388574","0.47496709114388574","0.5235598906874657","0.5235598906874657","0.5235598906874657","0.5452179248574414","0.5452179248574414","0.5452179248574414","0.5216047428548336","0.5216047428548336","0.5216047428548336"
"43","0.6707341784163366","0.6707341784163366","0.6707341784163366","0.7060185670852661","0.7060185670852661","0.7060185670852661","0.605968129785755","0.605968129785755","0.605968129785755","0.666177861392498","0.666177861392498","0.666177861392498","0.46264784622795974","0.46264784622795974","0.46264784622795974","0.6353461965918541","0.6353461965918541","0.6353461965918541","0.5309394356570666","0.5309394356570666","0.5309394356570666","0.5382662937045097","0.5382662937045097","0.5382662937045097"
"44","0.6582649821722055","0.6582649821722055","0.6582649821722055","0.7197070717811584","0.7197070717811584","0.7197070717811584","0.6111722237701658","0.6111722237701658","0.6111722237701658","0.6235374733805656","0.6235374733805656","0.6235374733805656","0.479488613484781","0.479488613484781","0.479488613484781","0.5491451285779476","0.5491451285779476","0.5491451285779476","0.5295010016688818","0.5295010016688818","0.5295010016688818","0.5261112786829472","0.5261112786829472","0.5261112786829472"
"45","0.666538149495668","0.666538149495668","0.666538149495668","0.6348403245210648","0.6348403245210648","0.6348403245210648","0.6003354882137685","0.6003354882137685","0.6003354882137685","0.6613284945487976","0.6613284945487976","0.6613284945487976","0.46767577830749224","0.46767577830749224","0.46767577830749224","0.5078713074326515","0.5078713074326515","0.5078713074326515","0.5309784027594554","0.5309784027594554","0.5309784027594554","0.5484101958572865","0.5484101958572865","0.5484101958572865"
"46","0.6766656158091147","0.6766656158091147","0.6766656158091147","0.6651156172156334","0.6651156172156334","0.6651156172156334","0.5989612359789354","0.5989612359789354","0.5989612359789354","0.6637003049254417","0.6637003049254417","0.6637003049254417","0.4649790238730515","0.4649790238730515","0.4649790238730515","0.5901587307453156","0.5901587307453156","0.5901587307453156","0.527090094512022","0.527090094512022","0.527090094512022","0.5485603734850883","0.5485603734850883","0.5485603734850883"
"47","0.6501839341996591","0.6501839341996591","0.6501839341996591","0.7141856178641319","0.7141856178641319","0.7141856178641319","0.603750426180755","0.603750426180755","0.603750426180755","0.6252632886171341","0.6252632886171341","0.6252632886171341","0.4669036740743661","0.4669036740743661","0.4669036740743661","0.5478564165532589","0.5478564165532589","0.5478564165532589","0.5372669530820243","0.5372669530820243","0.5372669530820243","0.53144471347332","0.53144471347332","0.53144471347332"
"48","0.6497984245608125","0.6497984245608125","0.6497984245608125","0.6974312290549278","0.6974312290549278","0.6974312290549278","0.5940732850304132","0.5940732850304132","0.5940732850304132","0.6305815950036049","0.6305815950036049","0.6305815950036049","0.46352946494199054","0.46352946494199054","0.46352946494199054","0.5058087259531021","0.5058087259531021","0.5058087259531021","0.519914525973646","0.519914525973646","0.519914525973646","0.5313893333077431","0.5313893333077431","0.5313893333077431"
"49","0.6617014924936657","0.6617014924936657","0.6617014924936657","0.6669992208480835","0.6669992208480835","0.6669992208480835","0.5901765566837939","0.5901765566837939","0.5901765566837939","0.6274065896868706","0.6274065896868706","0.6274065896868706","0.4546109370038479","0.4546109370038479","0.4546109370038479","0.5709041059017181","0.5709041059017181","0.5709041059017181","0.5171488738512691","0.5171488738512691","0.5171488738512691","0.5037488713860512","0.5037488713860512","0.5037488713860512"
"50","0.6721567952934699","0.6721567952934699","0.6721567952934699","0.6389705017209053","0.6389705017209053","0.6389705017209053","0.5828666913358471","0.5828666913358471","0.5828666913358471","0.6720394268631935","0.6720394268631935","0.6720394268631935","0.4535438765453387","0.4535438765453387","0.4535438765453387","0.5175635255873203","0.5175635255873203","0.5175635255873203","0.5124983489513397","0.5124983489513397","0.5124983489513397","0.49748822674155235","0.49748822674155235","0.49748822674155235"
"51","0.6398858737341965","0.6398858737341965","0.6398858737341965","0.6565729826688766","0.6565729826688766","0.6565729826688766","0.6006196997588193","0.6006196997588193","0.6006196997588193","0.6257405206561089","0.6257405206561089","0.6257405206561089","0.4545966047274915","0.4545966047274915","0.4545966047274915","0.5604800470173359","0.5604800470173359","0.5604800470173359","0.5190581004076367","0.5190581004076367","0.5190581004076367","0.5447349175810814","0.5447349175810814","0.5447349175810814"
"52","0.6769687110864664","0.6769687110864664","0.6769687110864664","0.6462641730904579","0.6462641730904579","0.6462641730904579","0.5944186701804777","0.5944186701804777","0.5944186701804777","0.6373879909515381","0.6373879909515381","0.6373879909515381","0.4495403347890588","0.4495403347890588","0.4495403347890588","0.5339547768235207","0.5339547768235207","0.5339547768235207","0.5184428035458432","0.5184428035458432","0.5184428035458432","0.5684763081371784","0.5684763081371784","0.5684763081371784"
"53","0.6500312900995906","0.6500312900995906","0.6500312900995906","0.6620235219597816","0.6620235219597816","0.6620235219597816","0.5908957319923595","0.5908957319923595","0.5908957319923595","0.6239787712693214","0.6239787712693214","0.6239787712693214","0.4531502342676815","0.4531502342676815","0.4531502342676815","0.5484176091849804","0.5484176091849804","0.5484176091849804","0.5078645544716075","0.5078645544716075","0.5078645544716075","0.5064458213746548","0.5064458213746548","0.5064458213746548"
"54","0.6626850242101694","0.6626850242101694","0.6626850242101694","0.6862485930323601","0.6862485930323601","0.6862485930323601","0.5893908565557455","0.5893908565557455","0.5893908565557455","0.6273357346653938","0.6273357346653938","0.6273357346653938","0.44169761297069016","0.44169761297069016","0.44169761297069016","0.5061520747840405","0.5061520747840405","0.5061520747840405","0.509568020512786","0.509568020512786","0.509568020512786","0.5229581370949745","0.5229581370949745","0.5229581370949745"
"55","0.6483167387262175","0.6483167387262175","0.6483167387262175","0.6908791437745094","0.6908791437745094","0.6908791437745094","0.5834690611573714","0.5834690611573714","0.5834690611573714","0.6621749177575111","0.6621749177575111","0.6621749177575111","0.4331811391100099","0.4331811391100099","0.4331811391100099","0.5269803032279015","0.5269803032279015","0.5269803032279015","0.5128490132621571","0.5128490132621571","0.5128490132621571","0.4930637590587139","0.4930637590587139","0.4930637590587139"
"56","0.6515904310383375","0.6515904310383375","0.6515904310383375","0.6915551796555519","0.6915551796555519","0.6915551796555519","0.5902896331080908","0.5902896331080908","0.5902896331080908","0.7185740321874619","0.7185740321874619","0.7185740321874619","0.45008569465407844","0.45008569465407844","0.45008569465407844","0.5073251388967037","0.5073251388967037","0.5073251388967037","0.5024383913112592","0.5024383913112592","0.5024383913112592","0.5036939084529877","0.5036939084529877","0.5036939084529877"
"57","0.6465089592752578","0.6465089592752578","0.6465089592752578","0.6595344841480255","0.6595344841480255","0.6595344841480255","0.5962058784840982","0.5962058784840982","0.5962058784840982","0.6328626573085785","0.6328626573085785","0.6328626573085785","0.4405558501617818","0.4405558501617818","0.4405558501617818","0.460761371999979","0.460761371999979","0.460761371999979","0.5061892093736914","0.5061892093736914","0.5061892093736914","0.5133699364960194","0.5133699364960194","0.5133699364960194"
"58","0.641098478926888","0.641098478926888","0.641098478926888","0.7106615006923676","0.7106615006923676","0.7106615006923676","0.5939835932435868","0.5939835932435868","0.5939835932435868","0.6254087388515472","0.6254087388515472","0.6254087388515472","0.4401523470878601","0.4401523470878601","0.4401523470878601","0.500716432929039","0.500716432929039","0.500716432929039","0.4984984873216363","0.4984984873216363","0.4984984873216363","0.5067546665668488","0.5067546665668488","0.5067546665668488"
"59","0.6427224659467046","0.6427224659467046","0.6427224659467046","0.6515875831246376","0.6515875831246376","0.6515875831246376","0.5859877489790132","0.5859877489790132","0.5859877489790132","0.6496912091970444","0.6496912091970444","0.6496912091970444","0.4379422674073449","0.4379422674073449","0.4379422674073449","0.5353563874959946","0.5353563874959946","0.5353563874959946","0.5031393736223632","0.5031393736223632","0.5031393736223632","0.4917568899691105","0.4917568899691105","0.4917568899691105"
"60","0.6333003183708915","0.6333003183708915","0.6333003183708915","0.6538904756307602","0.6538904756307602","0.6538904756307602","0.5815007777153691","0.5815007777153691","0.5815007777153691","0.6268416047096252","0.6268416047096252","0.6268416047096252","0.4321774432930765","0.4321774432930765","0.4321774432930765","0.5514789670705795","0.5514789670705795","0.5514789670705795","0.49602695431890365","0.49602695431890365","0.49602695431890365","0.4851783625781536","0.4851783625781536","0.4851783625781536"
"61","0.633425159922129","0.633425159922129","0.633425159922129","0.6284107714891434","0.6284107714891434","0.6284107714891434","0.5898895867263214","0.5898895867263214","0.5898895867263214","0.6244083791971207","0.6244083791971207","0.6244083791971207","0.44037118252319624","0.44037118252319624","0.44037118252319624","0.540267463773489","0.540267463773489","0.540267463773489","0.5030480253545544","0.5030480253545544","0.5030480253545544","0.4790690392255783","0.4790690392255783","0.4790690392255783"
"62","0.6350337206562863","0.6350337206562863","0.6350337206562863","0.642024464905262","0.642024464905262","0.642024464905262","0.588077470848832","0.588077470848832","0.588077470848832","0.6320747956633568","0.6320747956633568","0.6320747956633568","0.42492019187046004","0.42492019187046004","0.42492019187046004","0.5257944464683533","0.5257944464683533","0.5257944464683533","0.49700988998895956","0.49700988998895956","0.49700988998895956","0.4793846309185028","0.4793846309185028","0.4793846309185028"
"63","0.6315753490109987","0.6315753490109987","0.6315753490109987","0.6433611959218979","0.6433611959218979","0.6433611959218979","0.5946834517430656","0.5946834517430656","0.5946834517430656","0.6313870996236801","0.6313870996236801","0.6313870996236801","0.4246183407457569","0.4246183407457569","0.4246183407457569","0.510649099946022","0.510649099946022","0.510649099946022","0.49271968384332293","0.49271968384332293","0.49271968384332293","0.4727276898920536","0.4727276898920536","0.4727276898920536"
"64","0.6341999407056012","0.6341999407056012","0.6341999407056012","0.6210042610764503","0.6210042610764503","0.6210042610764503","0.5889578242845173","0.5889578242845173","0.5889578242845173","0.6345760822296143","0.6345760822296143","0.6345760822296143","0.4390803081325338","0.4390803081325338","0.4390803081325338","0.5356431864202023","0.5356431864202023","0.5356431864202023","0.4869532521012463","0.4869532521012463","0.4869532521012463","0.48914703354239464","0.48914703354239464","0.48914703354239464"
"65","0.6291017106062249","0.6291017106062249","0.6291017106062249","0.6291582882404327","0.6291582882404327","0.6291582882404327","0.5891006238098386","0.5891006238098386","0.5891006238098386","0.6225542277097702","0.6225542277097702","0.6225542277097702","0.426684460685223","0.426684460685223","0.426684460685223","0.5474041327834129","0.5474041327834129","0.5474041327834129","0.4835563913176331","0.4835563913176331","0.4835563913176331","0.47100863605737686","0.47100863605737686","0.47100863605737686"
"66","0.6399848762946793","0.6399848762946793","0.6399848762946793","0.6289378106594086","0.6289378106594086","0.6289378106594086","0.56944947718065","0.56944947718065","0.56944947718065","0.6413111761212349","0.6413111761212349","0.6413111761212349","0.41949308408966546","0.41949308408966546","0.41949308408966546","0.48716607689857483","0.48716607689857483","0.48716607689857483","0.4892852506305598","0.4892852506305598","0.4892852506305598","0.470753263682127","0.470753263682127","0.470753263682127"
"67","0.6195779310751565","0.6195779310751565","0.6195779310751565","0.6418550834059715","0.6418550834059715","0.6418550834059715","0.5841225977939896","0.5841225977939896","0.5841225977939896","0.6462463885545731","0.6462463885545731","0.6462463885545731","0.4254139812686775","0.4254139812686775","0.4254139812686775","0.49301040917634964","0.49301040917634964","0.49301040917634964","0.4943002345441263","0.4943002345441263","0.4943002345441263","0.48699168488383293","0.48699168488383293","0.48699168488383293"
"68","0.6592406498480446","0.6592406498480446","0.6592406498480446","0.6163830533623695","0.6163830533623695","0.6163830533623695","0.576371184632748","0.576371184632748","0.576371184632748","0.6312022358179092","0.6312022358179092","0.6312022358179092","0.4234306993363779","0.4234306993363779","0.4234306993363779","0.5134171321988106","0.5134171321988106","0.5134171321988106","0.48092206407196914","0.48092206407196914","0.48092206407196914","0.4827014170587063","0.4827014170587063","0.4827014170587063"
"69","0.6512226862243459","0.6512226862243459","0.6512226862243459","0.623222254216671","0.623222254216671","0.623222254216671","0.5809680359273017","0.5809680359273017","0.5809680359273017","0.6968391910195351","0.6968391910195351","0.6968391910195351","0.4140584838541248","0.4140584838541248","0.4140584838541248","0.5557459965348244","0.5557459965348244","0.5557459965348244","0.48463761919661413","0.48463761919661413","0.48463761919661413","0.5133016891777515","0.5133016891777515","0.5133016891777515"
"70","0.6275684094127221","0.6275684094127221","0.6275684094127221","0.6167939156293869","0.6167939156293869","0.6167939156293869","0.5918710197828994","0.5918710197828994","0.5918710197828994","0.6227846592664719","0.6227846592664719","0.6227846592664719","0.4137431288821788","0.4137431288821788","0.4137431288821788","0.5516790263354778","0.5516790263354778","0.5516790263354778","0.4831552569624744","0.4831552569624744","0.4831552569624744","0.47347167506814003","0.47347167506814003","0.47347167506814003"
"71","0.642744396683536","0.642744396683536","0.642744396683536","0.6767875924706459","0.6767875924706459","0.6767875924706459","0.5875169687633273","0.5875169687633273","0.5875169687633273","0.6317839995026588","0.6317839995026588","0.6317839995026588","0.41918348398389693","0.41918348398389693","0.41918348398389693","0.5097983777523041","0.5097983777523041","0.5097983777523041","0.4911335125754151","0.4911335125754151","0.4911335125754151","0.5128784589469433","0.5128784589469433","0.5128784589469433"
"72","0.6210442340072198","0.6210442340072198","0.6210442340072198","0.6787778586149216","0.6787778586149216","0.6787778586149216","0.5872728028629399","0.5872728028629399","0.5872728028629399","0.6203273311257362","0.6203273311257362","0.6203273311257362","0.4158533456959302","0.4158533456959302","0.4158533456959302","0.5381586104631424","0.5381586104631424","0.5381586104631424","0.48390145316908634","0.48390145316908634","0.48390145316908634","0.468690887093544","0.468690887093544","0.468690887093544"
"73","0.650792006827608","0.650792006827608","0.650792006827608","0.6939040049910545","0.6939040049910545","0.6939040049910545","0.5807908709290661","0.5807908709290661","0.5807908709290661","0.647895097732544","0.647895097732544","0.647895097732544","0.41740602556663225","0.41740602556663225","0.41740602556663225","0.5010989308357239","0.5010989308357239","0.5010989308357239","0.48805736854106563","0.48805736854106563","0.48805736854106563","0.46367331594228745","0.46367331594228745","0.46367331594228745"
"74","0.6281573783747757","0.6281573783747757","0.6281573783747757","0.6395242586731911","0.6395242586731911","0.6395242586731911","0.5813733410986164","0.5813733410986164","0.5813733410986164","0.6279119849205017","0.6279119849205017","0.6279119849205017","0.41011804115923145","0.41011804115923145","0.41011804115923145","0.5547300726175308","0.5547300726175308","0.5547300726175308","0.47746647385102287","0.47746647385102287","0.47746647385102287","0.4993978887796402","0.4993978887796402","0.4993978887796402"
"75","0.6260548418835749","0.6260548418835749","0.6260548418835749","0.6269597262144089","0.6269597262144089","0.6269597262144089","0.5759591479090196","0.5759591479090196","0.5759591479090196","0.6860726624727249","0.6860726624727249","0.6860726624727249","0.4199780142759975","0.4199780142759975","0.4199780142759975","0.5336686000227928","0.5336686000227928","0.5336686000227928","0.4768294458147846","0.4768294458147846","0.4768294458147846","0.4853092357516289","0.4853092357516289","0.4853092357516289"
"76","0.642384563443027","0.642384563443027","0.642384563443027","0.6160058528184891","0.6160058528184891","0.6160058528184891","0.5768770601930497","0.5768770601930497","0.5768770601930497","0.6773988157510757","0.6773988157510757","0.6773988157510757","0.40695712460747246","0.40695712460747246","0.40695712460747246","0.5118911415338516","0.5118911415338516","0.5118911415338516","0.4746652464323406","0.4746652464323406","0.4746652464323406","0.5018664635717869","0.5018664635717869","0.5018664635717869"
"77","0.6272385863563682","0.6272385863563682","0.6272385863563682","0.6295080631971359","0.6295080631971359","0.6295080631971359","0.6109547890439818","0.6109547890439818","0.6109547890439818","0.6544109508395195","0.6544109508395195","0.6544109508395195","0.41332402108590816","0.41332402108590816","0.41332402108590816","0.5222022123634815","0.5222022123634815","0.5222022123634815","0.47113654922835435","0.47113654922835435","0.47113654922835435","0.4761776328086853","0.4761776328086853","0.4761776328086853"
"78","0.6131482561932334","0.6131482561932334","0.6131482561932334","0.6715595126152039","0.6715595126152039","0.6715595126152039","0.5752656539029712","0.5752656539029712","0.5752656539029712","0.6730779185891151","0.6730779185891151","0.6730779185891151","0.41339518601381325","0.41339518601381325","0.41339518601381325","0.5132972598075867","0.5132972598075867","0.5132972598075867","0.4671791203414338","0.4671791203414338","0.4671791203414338","0.48820657283067703","0.48820657283067703","0.48820657283067703"
"79","0.6367607867415948","0.6367607867415948","0.6367607867415948","0.6500251591205597","0.6500251591205597","0.6500251591205597","0.5652365548701226","0.5652365548701226","0.5652365548701226","0.6219503581523895","0.6219503581523895","0.6219503581523895","0.40253131185905844","0.40253131185905844","0.40253131185905844","0.5277682840824127","0.5277682840824127","0.5277682840824127","0.47206640884846074","0.47206640884846074","0.47206640884846074","0.48959434032440186","0.48959434032440186","0.48959434032440186"
"80","0.6534064166908022","0.6534064166908022","0.6534064166908022","0.6414264887571335","0.6414264887571335","0.6414264887571335","0.5801506468766853","0.5801506468766853","0.5801506468766853","0.6231718622148037","0.6231718622148037","0.6231718622148037","0.4059470420396781","0.4059470420396781","0.4059470420396781","0.5214232839643955","0.5214232839643955","0.5214232839643955","0.4633034573325628","0.4633034573325628","0.4633034573325628","0.49706844240427017","0.49706844240427017","0.49706844240427017"
"81","0.6322836125198799","0.6322836125198799","0.6322836125198799","0.6643305569887161","0.6643305569887161","0.6643305569887161","0.5745773949200594","0.5745773949200594","0.5745773949200594","0.6336957439780235","0.6336957439780235","0.6336957439780235","0.4028149267917947","0.4028149267917947","0.4028149267917947","0.5326289236545563","0.5326289236545563","0.5326289236545563","0.47320869036867647","0.47320869036867647","0.47320869036867647","0.4604807682335377","0.4604807682335377","0.4604807682335377"
"82","0.6273993827119658","0.6273993827119658","0.6273993827119658","0.6155698969960213","0.6155698969960213","0.6155698969960213","0.5819463933570476","0.5819463933570476","0.5819463933570476","0.6354954689741135","0.6354954689741135","0.6354954689741135","0.3978244862224482","0.3978244862224482","0.3978244862224482","0.4930344671010971","0.4930344671010971","0.4930344671010971","0.47147934308534933","0.47147934308534933","0.47147934308534933","0.4727581851184368","0.4727581851184368","0.4727581851184368"
"83","0.6429865828043297","0.6429865828043297","0.6429865828043297","0.6895627602934837","0.6895627602934837","0.6895627602934837","0.5737055140205577","0.5737055140205577","0.5737055140205577","0.6337242722511292","0.6337242722511292","0.6337242722511292","0.4256619162197354","0.4256619162197354","0.4256619162197354","0.4994695335626602","0.4994695335626602","0.4994695335626602","0.4738801830931555","0.4738801830931555","0.4738801830931555","0.5140700414776802","0.5140700414776802","0.5140700414776802"
"84","0.6300842924208581","0.6300842924208581","0.6300842924208581","0.8557550385594368","0.8557550385594368","0.8557550385594368","0.5726709645005721","0.5726709645005721","0.5726709645005721","0.6442547664046288","0.6442547664046288","0.6442547664046288","0.4157122475436971","0.4157122475436971","0.4157122475436971","0.5654919482767582","0.5654919482767582","0.5654919482767582","0.47649400068234793","0.47649400068234793","0.47649400068234793","0.4622935578227043","0.4622935578227043","0.4622935578227043"
"85","0.6337297630460956","0.6337297630460956","0.6337297630460956","0.6689018905162811","0.6689018905162811","0.6689018905162811","0.5734871988055072","0.5734871988055072","0.5734871988055072","0.6337396129965782","0.6337396129965782","0.6337396129965782","0.40576775768135165","0.40576775768135165","0.40576775768135165","0.492698572576046","0.492698572576046","0.492698572576046","0.46413772241978707","0.46413772241978707","0.46413772241978707","0.4553217664361","0.4553217664361","0.4553217664361"
"86","0.6326932265788694","0.6326932265788694","0.6326932265788694","0.6338886618614197","0.6338886618614197","0.6338886618614197","0.570160684329045","0.570160684329045","0.570160684329045","0.6315674334764481","0.6315674334764481","0.6315674334764481","0.4095796508879601","0.4095796508879601","0.4095796508879601","0.5041446089744568","0.5041446089744568","0.5041446089744568","0.4613770231415954","0.4613770231415954","0.4613770231415954","0.4667232222855091","0.4667232222855091","0.4667232222855091"
"87","0.6238586868666396","0.6238586868666396","0.6238586868666396","0.61446538195014","0.61446538195014","0.61446538195014","0.5760660895818397","0.5760660895818397","0.5760660895818397","0.6315470412373543","0.6315470412373543","0.6315470412373543","0.3924917386302465","0.3924917386302465","0.3924917386302465","0.4939090237021446","0.4939090237021446","0.4939090237021446","0.45596525714367253","0.45596525714367253","0.45596525714367253","0.4555322304368019","0.4555322304368019","0.4555322304368019"
"88","0.6229266875152346","0.6229266875152346","0.6229266875152346","0.8027383387088776","0.8027383387088776","0.8027383387088776","0.5788456627839729","0.5788456627839729","0.5788456627839729","0.6369361132383347","0.6369361132383347","0.6369361132383347","0.40499372006971623","0.40499372006971623","0.40499372006971623","0.49478980153799057","0.49478980153799057","0.49478980153799057","0.45588647074337246","0.45588647074337246","0.45588647074337246","0.4787415862083435","0.4787415862083435","0.4787415862083435"
"89","0.6682513254352763","0.6682513254352763","0.6682513254352763","0.672883465886116","0.672883465886116","0.672883465886116","0.5621351829812496","0.5621351829812496","0.5621351829812496","0.6277160197496414","0.6277160197496414","0.6277160197496414","0.3979325411440451","0.3979325411440451","0.3979325411440451","0.5010131150484085","0.5010131150484085","0.5010131150484085","0.467423076116586","0.467423076116586","0.467423076116586","0.46548666432499886","0.46548666432499886","0.46548666432499886"
"90","0.6159930983676186","0.6159930983676186","0.6159930983676186","0.6593261659145355","0.6593261659145355","0.6593261659145355","0.571985555977761","0.571985555977761","0.571985555977761","0.6195383220911026","0.6195383220911026","0.6195383220911026","0.39367386246029334","0.39367386246029334","0.39367386246029334","0.5057961046695709","0.5057961046695709","0.5057961046695709","0.4651795195627816","0.4651795195627816","0.4651795195627816","0.5026285722851753","0.5026285722851753","0.5026285722851753"
"91","0.6239282635948326","0.6239282635948326","0.6239282635948326","0.6985845565795898","0.6985845565795898","0.6985845565795898","0.5627577078493335","0.5627577078493335","0.5627577078493335","0.6421144530177116","0.6421144530177116","0.6421144530177116","0.393952167675465","0.393952167675465","0.393952167675465","0.5218796692788601","0.5218796692788601","0.5218796692788601","0.4633298074897331","0.4633298074897331","0.4633298074897331","0.45207762718200684","0.45207762718200684","0.45207762718200684"
"92","0.6189037150220026","0.6189037150220026","0.6189037150220026","0.6352788358926773","0.6352788358926773","0.6352788358926773","0.566316170405738","0.566316170405738","0.566316170405738","0.6310857832431793","0.6310857832431793","0.6310857832431793","0.40787444820132435","0.40787444820132435","0.40787444820132435","0.5187811180949211","0.5187811180949211","0.5187811180949211","0.4645575918728792","0.4645575918728792","0.4645575918728792","0.4425305873155594","0.4425305873155594","0.4425305873155594"
"93","0.6141344459750985","0.6141344459750985","0.6141344459750985","0.6119532287120819","0.6119532287120819","0.6119532287120819","0.5658962040007869","0.5658962040007869","0.5658962040007869","0.6357989981770515","0.6357989981770515","0.6357989981770515","0.38932695984840393","0.38932695984840393","0.38932695984840393","0.5170889683067799","0.5170889683067799","0.5170889683067799","0.45873553126673156","0.45873553126673156","0.45873553126673156","0.45705990493297577","0.45705990493297577","0.45705990493297577"
"94","0.6233141263829002","0.6233141263829002","0.6233141263829002","0.8105010017752647","0.8105010017752647","0.8105010017752647","0.5638206446472602","0.5638206446472602","0.5638206446472602","0.6586462780833244","0.6586462780833244","0.6586462780833244","0.4003364258929144","0.4003364258929144","0.4003364258929144","0.5107727311551571","0.5107727311551571","0.5107727311551571","0.45355273990691464","0.45355273990691464","0.45355273990691464","0.46612896025180817","0.46612896025180817","0.46612896025180817"
"95","0.6380355226088174","0.6380355226088174","0.6380355226088174","0.6396738812327385","0.6396738812327385","0.6396738812327385","0.5585190540627588","0.5585190540627588","0.5585190540627588","0.6183609962463379","0.6183609962463379","0.6183609962463379","0.38815038075929953","0.38815038075929953","0.38815038075929953","0.5088122002780437","0.5088122002780437","0.5088122002780437","0.44963010900382755","0.44963010900382755","0.44963010900382755","0.44153881818056107","0.44153881818056107","0.44153881818056107"
"96","0.6204585334922694","0.6204585334922694","0.6204585334922694","0.625715933740139","0.625715933740139","0.625715933740139","0.5672297175926498","0.5672297175926498","0.5672297175926498","0.6510318219661713","0.6510318219661713","0.6510318219661713","0.3951909900466098","0.3951909900466098","0.3951909900466098","0.5117666460573673","0.5117666460573673","0.5117666460573673","0.45736785402780844","0.45736785402780844","0.45736785402780844","0.45606039837002754","0.45606039837002754","0.45606039837002754"
"97","0.6280323500874676","0.6280323500874676","0.6280323500874676","0.6266936287283897","0.6266936287283897","0.6266936287283897","0.5642917525919178","0.5642917525919178","0.5642917525919178","0.6343576163053513","0.6343576163053513","0.6343576163053513","0.39313817684408986","0.39313817684408986","0.39313817684408986","0.5042706318199635","0.5042706318199635","0.5042706318199635","0.4562063066265251","0.4562063066265251","0.4562063066265251","0.4423063360154629","0.4423063360154629","0.4423063360154629"
"98","0.62096870511393","0.62096870511393","0.62096870511393","0.6656291782855988","0.6656291782855988","0.6656291782855988","0.5640554473369936","0.5640554473369936","0.5640554473369936","0.6237133890390396","0.6237133890390396","0.6237133890390396","0.4000857761011848","0.4000857761011848","0.4000857761011848","0.5327795036137104","0.5327795036137104","0.5327795036137104","0.45041427733022954","0.45041427733022954","0.45041427733022954","0.464091494679451","0.464091494679451","0.464091494679451"
"99","0.6064536873298355","0.6064536873298355","0.6064536873298355","0.6748539507389069","0.6748539507389069","0.6748539507389069","0.5573263594621345","0.5573263594621345","0.5573263594621345","0.6328289806842804","0.6328289806842804","0.6328289806842804","0.4013033169734327","0.4013033169734327","0.4013033169734327","0.5064747557044029","0.5064747557044029","0.5064747557044029","0.45026987036572225","0.45026987036572225","0.45026987036572225","0.478356197476387","0.478356197476387","0.478356197476387"
"100","0.6180446525163288","0.6180446525163288","0.6180446525163288","0.6306219920516014","0.6306219920516014","0.6306219920516014","0.5518225759645051","0.5518225759645051","0.5518225759645051","0.6619535982608795","0.6619535982608795","0.6619535982608795","0.4112312925767295","0.4112312925767295","0.4112312925767295","0.4951877146959305","0.4951877146959305","0.4951877146959305","0.46546449163292025","0.46546449163292025","0.46546449163292025","0.4614744074642658","0.4614744074642658","0.4614744074642658"
"101","","","","","","","","","","","","","0.3937773378212241","0.3937773378212241","0.3937773378212241","0.5001871511340141","0.5001871511340141","0.5001871511340141","","","","","",""